# Blender 4.3.2
# www.blender.org
mtllib terrain.mtl
o 平面
v -100.000000 36.445766 100.000000
v 100.000000 54.368515 100.000000
v -100.000000 26.507769 -100.000000
v 100.000000 28.772432 -100.000000
v -93.548386 37.431808 100.000000
v -87.096771 37.807320 100.000000
v -80.645164 37.330414 100.000000
v -74.193550 35.800358 100.000000
v -67.741936 33.131813 100.000000
v -61.290325 29.428593 100.000000
v -54.838711 25.007339 100.000000
v -48.387100 20.360998 100.000000
v -41.935486 16.095629 100.000000
v -35.483871 12.773702 100.000000
v -29.032261 9.836819 100.000000
v -22.580647 7.124587 100.000000
v -16.129034 4.724777 100.000000
v -9.677422 3.527642 100.000000
v -3.225808 5.842488 100.000000
v 3.225805 11.100603 100.000000
v 9.677419 18.586897 100.000000
v 16.129032 26.894463 100.000000
v 22.580645 34.906757 100.000000
v 29.032257 41.508713 100.000000
v 35.483871 45.150436 100.000000
v 41.935482 45.781712 100.000000
v 48.387096 43.239738 100.000000
v 54.838707 38.291393 100.000000
v 61.290318 32.799114 100.000000
v 67.741928 29.426956 100.000000
v 74.193542 27.526402 100.000000
v 80.645157 34.204327 100.000000
v 87.096771 43.248539 100.000000
v 93.548378 50.707321 100.000000
v 93.548386 30.602350 -100.000000
v 87.109039 30.876223 -100.002159
v 81.108078 29.837898 -100.081467
v 75.528214 27.872398 -100.234879
v 70.194016 26.311785 -100.431526
v 65.333389 27.924561 -100.711525
v 61.487419 35.695644 -101.170074
v 57.896603 44.777779 -101.673531
v 53.946465 52.798428 -102.113762
v 49.365227 59.077408 -102.442917
v 44.039135 63.117100 -102.640999
v 37.959312 64.541122 -102.706421
v 31.135910 63.117100 -102.640999
v 23.558775 59.077408 -102.442917
v 15.236786 52.798428 -102.113762
v 6.283700 44.777779 -101.673531
v -3.028710 35.695641 -101.170074
v -12.288858 26.393785 -100.675819
v -21.005049 17.961569 -100.277283
v -28.723026 12.385162 -100.054420
v -35.483871 9.913580 -100.000000
v -41.935482 10.481770 -100.000000
v -48.387096 13.858221 -100.000000
v -54.838707 19.434475 -100.000000
v -61.290318 24.851620 -100.000000
v -67.741928 29.313835 -100.000000
v -74.193542 32.347061 -100.000000
v -80.645157 33.660908 -100.000000
v -87.096771 33.127945 -100.000000
v -93.548378 30.696529 -100.000000
v -100.000000 28.519196 -93.548386
v -100.000000 28.572309 -87.096771
v -100.000000 26.717413 -80.645164
v -100.000000 23.247469 -74.193550
v -100.000000 18.605995 -67.741936
v -100.000000 13.369372 -61.290325
v -100.000000 8.212129 -54.838711
v -100.000000 3.745600 -48.387100
v -100.000000 0.204151 -41.935486
v -100.000000 -1.770758 -35.483871
v -100.000000 -3.164388 -29.032261
v -100.000000 -4.732392 -22.580647
v -100.000000 -6.333991 -16.129034
v -100.000000 -7.826559 -9.677422
v -100.000000 -8.799066 -3.225808
v -100.000000 -8.737987 3.225805
v -100.000000 -7.559023 9.677419
v -100.000000 -5.214269 16.129032
v -100.000000 -1.866763 22.580645
v -100.000000 2.247400 29.032257
v -100.000000 6.870065 35.483871
v -100.000000 11.996074 41.935482
v -100.000000 18.034193 48.387096
v -100.000000 24.119898 54.838707
v -100.000000 29.339495 61.290318
v -100.000000 33.131809 67.741928
v -100.000000 35.800358 74.193542
v -100.000000 37.330414 80.645157
v -100.000000 37.807323 87.096771
v -100.000000 37.431812 93.548378
v 100.000000 52.060627 93.548386
v 100.000000 46.476746 87.096771
v 100.000000 39.439659 80.645164
v 100.000000 35.225285 74.193550
v 100.000000 33.002972 67.741936
v 100.000000 30.035847 61.290325
v 100.000000 30.247631 54.838711
v 100.000000 32.477276 48.387100
v 100.000000 38.257462 41.935486
v 100.000000 41.868038 35.483871
v 100.000000 41.575039 29.032261
v 100.000000 35.814327 22.580647
v 100.000000 26.282448 16.129034
v 100.004509 23.688171 9.674711
v 100.000000 27.466431 3.225808
v 100.000000 29.743572 -3.225805
v 100.000000 28.651583 -9.677419
v 100.000000 27.675152 -16.129032
v 100.000000 24.444201 -22.580645
v 100.000000 19.457642 -29.032257
v 100.000000 13.582237 -35.483871
v 100.000000 7.507308 -41.935482
v 100.000000 4.557524 -48.387096
v 100.000000 7.535869 -54.838707
v 100.000000 14.493489 -61.290318
v 100.000000 21.985092 -67.741928
v 100.000000 28.772438 -74.193542
v 100.000000 33.643650 -80.645157
v 100.000000 35.462421 -87.096771
v 100.000000 33.643650 -93.548378
v -93.548386 38.992420 93.548386
v -93.548386 39.866760 87.096771
v -93.548386 39.757469 80.645164
v -93.548386 38.400673 74.193550
v -93.548386 35.665581 67.741936
v -93.548386 31.622633 61.290325
v -93.548386 25.997385 54.838711
v -93.548386 19.304754 48.387100
v -93.548386 12.536160 41.935486
v -93.548386 6.728665 35.483871
v -93.548386 2.113797 29.032261
v -93.548386 -1.975852 22.580647
v -93.548386 -5.299646 16.129034
v -93.548386 -7.621853 9.677422
v -93.548386 -8.779378 3.225808
v -93.548386 -8.819426 -3.225805
v -93.548386 -7.828444 -9.677419
v -93.548386 -6.335587 -16.129032
v -93.548386 -4.733699 -22.580645
v -93.548386 -3.165407 -29.032257
v -93.548386 -1.753749 -35.483871
v -93.548386 0.910113 -41.935482
v -93.548386 5.249029 -48.387096
v -93.548386 10.493751 -54.838707
v -93.548386 16.360620 -61.290318
v -93.548386 22.189295 -67.741928
v -93.548386 27.273296 -74.193542
v -93.548386 31.025904 -80.645157
v -93.548386 33.010883 -87.096771
v -93.548378 32.935680 -93.548378
v -87.096771 39.866760 93.548386
v -87.096771 41.197300 87.096771
v -87.096771 41.439419 80.645164
v -87.096771 40.251522 74.193550
v -87.096771 37.446835 67.741936
v -87.096771 33.156078 61.290325
v -87.096771 27.200594 54.838711
v -87.096771 20.055950 48.387100
v -87.096771 12.775249 41.935486
v -87.096771 6.441599 35.483871
v -87.096771 1.719285 29.032261
v -87.096771 -2.297489 22.580647
v -87.096771 -5.550690 16.129034
v -87.096771 -7.805667 9.677422
v -87.096771 -8.899137 3.225808
v -87.096771 -8.876237 -3.225805
v -87.096771 -7.833708 -9.677419
v -87.096771 -6.340048 -16.129032
v -87.096771 -4.737352 -22.580645
v -87.096771 -2.800895 -29.032257
v -87.096771 -0.411290 -35.483871
v -87.096771 3.221557 -41.935482
v -87.096771 7.614735 -48.387096
v -87.096771 12.330606 -54.838707
v -87.096771 18.356983 -61.290318
v -87.096771 24.510441 -67.741928
v -87.096771 29.808870 -74.193542
v -87.096771 33.660908 -80.645157
v -87.096771 35.633827 -87.096771
v -87.096771 35.469067 -93.548378
v -80.645164 39.757469 93.548386
v -80.645164 41.439419 87.096771
v -80.645164 41.968952 80.645164
v -80.645164 40.920738 74.193550
v -80.645164 38.029732 67.741936
v -80.645164 33.524548 61.290325
v -80.645164 27.338291 54.838711
v -80.645164 19.942778 48.387100
v -80.645164 12.419827 41.935486
v -80.645164 5.863976 35.483871
v -80.645164 1.082505 29.032261
v -80.645164 -2.814957 22.580647
v -80.645164 -5.952281 16.129034
v -80.645164 -8.096532 9.677422
v -80.645164 -9.084101 3.225808
v -80.645164 -8.956796 -3.225805
v -80.645164 -7.841273 -9.677419
v -80.645164 -6.346456 -16.129032
v -80.645164 -3.880798 -22.580645
v -80.645164 -0.042709 -29.032257
v -80.645164 3.859457 -35.483871
v -80.645164 8.286658 -41.935482
v -80.645164 12.223937 -48.387096
v -80.645164 15.340559 -54.838707
v -80.645164 19.336445 -61.290318
v -80.645164 25.307035 -67.741928
v -80.645164 30.625244 -74.193542
v -80.645164 34.456093 -80.645157
v -80.645164 36.357338 -87.096771
v -80.645157 36.076256 -93.548378
v -74.193550 38.400673 93.548386
v -74.193550 40.251522 87.096771
v -74.193550 40.920738 80.645164
v -74.193550 39.941124 74.193550
v -74.193550 36.981571 67.741936
v -74.193550 32.400955 61.290325
v -74.193550 26.152739 54.838711
v -74.193550 18.767094 48.387100
v -74.193550 11.318259 41.935486
v -74.193550 4.876284 35.483871
v -74.193550 0.233687 29.032261
v -74.193550 -3.501023 22.580647
v -74.193550 -6.479692 16.129034
v -74.193550 -8.471606 9.677422
v -74.193550 -9.312647 3.225808
v -74.193550 -9.040215 -3.225805
v -74.193550 -7.849646 -9.677419
v -74.193550 -5.986772 -16.129032
v -74.193550 -1.612968 -22.580645
v -74.193550 3.973294 -29.032257
v -74.193550 9.222670 -35.483871
v -74.193550 13.999902 -41.935482
v -74.193550 17.043840 -48.387096
v -74.193550 18.380892 -54.838707
v -74.193550 20.097219 -61.290318
v -74.193550 24.505863 -67.741928
v -74.193550 29.666351 -74.193542
v -74.193550 33.372982 -80.645157
v -74.193550 35.179241 -87.096771
v -74.193550 34.790333 -93.548378
v -67.741936 35.665581 93.548386
v -67.741936 37.446835 87.096771
v -67.741936 38.029732 80.645164
v -67.741936 36.981571 74.193550
v -67.741936 34.111332 67.741936
v -67.741936 29.688034 61.290325
v -67.741936 23.611670 54.838711
v -67.741936 16.535122 48.387100
v -67.741936 9.494944 41.935486
v -67.741936 3.506387 35.483871
v -67.741936 -0.786492 29.032261
v -67.741936 -4.318817 22.580647
v -67.741936 -7.099260 16.129034
v -67.741936 -8.899673 9.677422
v -67.741936 -9.555146 3.225808
v -67.741936 -9.097834 -3.225805
v -67.741936 -7.857288 -9.677419
v -67.741936 -5.161154 -16.129032
v -67.741936 0.577137 -22.580645
v -67.741936 7.476246 -29.032257
v -67.741936 13.692820 -35.483871
v -67.741936 18.446899 -41.935482
v -67.741936 20.382139 -48.387096
v -67.741936 20.112959 -54.838707
v -67.741936 19.930029 -61.290318
v -67.741936 22.284269 -67.741928
v -67.741936 27.017630 -74.193542
v -67.741936 30.454546 -80.645157
v -67.741936 32.081268 -87.096771
v -67.741928 31.668163 -93.548378
v -61.290325 31.663822 93.548386
v -61.290325 33.172451 87.096771
v -61.290325 33.534153 80.645164
v -61.290325 32.418369 74.193550
v -61.290325 29.741161 67.741936
v -61.290325 25.626839 61.290325
v -61.290325 19.956371 54.838711
v -61.290325 13.477283 48.387100
v -61.290325 7.155716 41.935486
v -61.290325 1.927889 35.483871
v -61.290325 -1.928238 29.032261
v -61.290325 -5.222860 22.580647
v -61.290325 -7.769206 16.129034
v -61.290325 -9.341793 9.677422
v -61.290325 -9.774548 3.225808
v -61.290325 -9.109514 -3.225805
v -61.290325 -7.863037 -9.677419
v -61.290325 -4.767282 -16.129032
v -61.290325 1.481468 -22.580645
v -61.290325 8.892000 -29.032257
v -61.290325 15.366082 -35.483871
v -61.290325 19.888063 -41.935482
v -61.290325 20.874462 -48.387096
v -61.290325 19.585985 -54.838707
v -61.290325 18.218699 -61.290318
v -61.290325 19.064497 -67.741928
v -61.290325 22.962931 -74.193542
v -61.290325 26.013105 -80.645157
v -61.290325 27.426184 -87.096771
v -61.290325 27.017630 -93.548378
v -54.838711 26.764843 93.548386
v -54.838711 27.882710 87.096771
v -54.838711 27.994242 80.645164
v -54.838711 26.858267 74.193550
v -54.838711 24.447649 67.741936
v -54.838711 20.718367 61.290325
v -54.838711 15.653632 54.838711
v -54.838711 10.009689 48.387100
v -54.838711 4.655998 41.935486
v -54.838711 0.403991 35.483871
v -54.838711 -3.134074 29.032261
v -54.838711 -6.160224 22.580647
v -54.838711 -8.440548 16.129034
v -54.838711 -9.752069 9.677422
v -54.838711 -9.927009 3.225808
v -54.838711 -9.113413 -3.225805
v -54.838711 -7.866417 -9.677419
v -54.838711 -5.159140 -16.129032
v -54.838711 0.605435 -22.580645
v -54.838711 7.522573 -29.032257
v -54.838711 13.380535 -35.483871
v -54.838711 17.127214 -41.935482
v -54.838711 17.809813 -48.387096
v -54.838711 16.324434 -54.838707
v -54.838711 14.656700 -61.290318
v -54.838711 14.849475 -67.741928
v -54.838711 17.979002 -74.193542
v -54.838711 20.556095 -80.645157
v -54.838711 21.731123 -87.096771
v -54.838707 21.340275 -93.548378
v -48.387100 21.520885 93.548386
v -48.387100 22.192245 87.096771
v -48.387100 22.063713 80.645164
v -48.387100 20.956768 74.193550
v -48.387100 18.872890 67.741936
v -48.387100 15.598649 61.290325
v -48.387100 11.298032 54.838711
v -48.387100 6.658938 48.387100
v -48.387100 2.445616 41.935486
v -48.387100 -1.092340 35.483871
v -48.387100 -4.340168 29.032261
v -48.387100 -7.071637 22.580647
v -48.387100 -9.058037 16.129034
v -48.387100 -10.078431 9.677422
v -48.387100 -9.967867 3.225808
v -48.387100 -9.114967 -3.225805
v -48.387100 -7.867765 -9.677419
v -48.387100 -5.996459 -16.129032
v -48.387100 -1.586456 -22.580645
v -48.387100 4.031001 -29.032257
v -48.387100 8.851315 -35.483871
v -48.387100 11.548583 -41.935482
v -48.387100 12.189785 -48.387096
v -48.387100 10.950244 -54.838707
v -48.387100 9.651665 -61.290318
v -48.387100 10.051424 -67.741928
v -48.387100 12.691755 -74.193542
v -48.387100 14.720711 -80.645157
v -48.387100 15.662469 -87.096771
v -48.387100 15.379706 -93.548378
v -41.935486 16.582975 93.548386
v -41.935486 16.784163 87.096771
v -41.935486 16.434574 80.645164
v -41.935486 15.397462 74.193550
v -41.935486 13.664849 67.741936
v -41.935486 10.949269 61.290325
v -41.935486 7.521835 54.838711
v -41.935486 3.987987 48.387100
v -41.935486 0.689647 41.935486
v -41.935486 -2.540181 35.483871
v -41.935486 -5.477593 29.032261
v -41.935486 -7.892546 22.580647
v -41.935486 -9.561053 16.129034
v -41.935486 -10.263423 9.677422
v -41.935486 -9.968174 3.225808
v -41.935486 -9.115237 -3.225805
v -41.935486 -7.868001 -9.677419
v -41.935486 -6.369093 -16.129032
v -41.935486 -3.884672 -22.580645
v -41.935486 -0.016100 -29.032257
v -41.935486 3.550357 -35.483871
v -41.935486 5.481005 -41.935482
v -41.935486 5.862546 -48.387096
v -41.935486 5.230268 -54.838707
v -41.935486 4.752804 -61.290318
v -41.935486 6.007598 -67.741928
v -41.935486 8.334745 -74.193542
v -41.935486 10.284902 -80.645157
v -41.935486 11.418134 -87.096771
v -41.935486 11.497653 -93.548378
v -35.483871 12.638779 93.548386
v -35.483871 12.360169 87.096771
v -35.483871 11.805678 80.645164
v -35.483871 10.865656 74.193550
v -35.483871 9.509368 67.741936
v -35.483871 7.433300 61.290325
v -35.483871 4.904737 54.838711
v -35.483871 2.054347 48.387100
v -35.483871 -0.943580 41.935486
v -35.483871 -3.861529 35.483871
v -35.483871 -6.472776 29.032261
v -35.483871 -8.553790 22.580647
v -35.483871 -9.884410 16.129034
v -35.483871 -10.284186 9.677422
v -35.483871 -9.968177 3.225808
v -35.483871 -9.115240 -3.225805
v -35.483871 -7.868004 -9.677419
v -35.483871 -6.369094 -16.129032
v -35.483871 -4.761149 -22.580645
v -35.483871 -2.813868 -29.032257
v -35.483871 -0.577702 -35.483871
v -35.483871 0.893746 -41.935482
v -35.483871 1.146423 -48.387096
v -35.483871 1.024895 -54.838707
v -35.483871 2.241151 -61.290318
v -35.483871 4.470267 -67.741928
v -35.483871 6.775644 -74.193542
v -35.483871 8.740897 -80.645157
v -35.483871 10.053783 -87.096771
v -35.483871 10.465731 -93.548378
v -29.032261 9.708263 93.548386
v -29.032261 9.328540 87.096771
v -29.032261 8.715243 80.645164
v -29.032261 7.896945 74.193550
v -29.032261 6.840979 67.741936
v -29.032261 5.142377 61.290325
v -29.032261 2.897679 54.838711
v -29.032261 0.317941 48.387100
v -29.032261 -2.379716 41.935486
v -29.032261 -4.975509 35.483871
v -29.032261 -7.249713 29.032261
v -29.032261 -8.983915 22.580647
v -29.032261 -9.968177 16.129034
v -29.032261 -10.284186 9.677422
v -29.032261 -9.968177 3.225808
v -29.032261 -9.115240 -3.225805
v -29.032261 -7.868004 -9.677419
v -29.032261 -6.369094 -16.129032
v -29.032261 -4.761149 -22.580645
v -29.032261 -3.186791 -29.032257
v -29.032261 -1.788655 -35.483871
v -29.032261 -0.709369 -41.935482
v -29.032261 -0.042769 -48.387096
v -29.032261 0.813640 -54.838707
v -29.032261 2.569938 -61.290318
v -29.032261 5.002996 -67.741928
v -29.029087 7.570910 -74.194107
v -28.915886 9.948363 -80.665634
v -28.757959 11.730825 -87.145042
v -28.677267 12.580983 -93.610855
v -22.580647 7.017933 93.548386
v -22.580647 6.703427 87.096771
v -22.580647 6.197245 80.645164
v -22.580647 5.525770 74.193550
v -22.580647 4.643047 67.741936
v -22.580647 3.148252 61.290325
v -22.580647 1.148114 54.838711
v -22.580647 -1.152095 48.387100
v -22.580647 -3.541914 41.935486
v -22.580647 -5.808184 35.483871
v -22.580647 -7.736695 29.032261
v -22.580647 -9.115240 22.580647
v -22.580647 -9.968177 16.129034
v -22.580647 -10.284186 9.677422
v -22.580647 -9.968177 3.225808
v -22.580647 -9.115240 -3.225805
v -22.580647 -7.868004 -9.677419
v -22.580647 -6.369094 -16.129032
v -22.580647 -4.761149 -22.580645
v -22.580647 -3.186791 -29.032257
v -22.580647 -1.788655 -35.483871
v -22.580647 -0.692119 -41.935482
v -22.580647 0.719020 -48.387096
v -22.580647 2.541588 -54.838707
v -22.580647 4.881697 -61.290318
v -22.486450 7.637088 -67.758507
v -22.104961 10.852116 -74.277260
v -21.601738 13.959357 -80.817429
v -21.169476 16.393501 -87.345116
v -20.950296 17.775400 -93.835297
v -16.129034 4.640033 93.548386
v -16.129034 4.390836 87.096771
v -16.129034 3.992159 80.645164
v -16.129034 3.468489 74.193550
v -16.129034 2.765272 67.741936
v -16.129034 1.484540 61.290325
v -16.129034 -0.263153 54.838711
v -16.129034 -2.277754 48.387100
v -16.129034 -4.354471 41.935486
v -16.129034 -6.285343 35.483871
v -16.129034 -7.868004 29.032261
v -16.129034 -9.115240 22.580647
v -16.129034 -9.968177 16.129034
v -16.129034 -10.284186 9.677422
v -16.129034 -9.968177 3.225808
v -16.129034 -9.115240 -3.225805
v -16.129034 -7.868004 -9.677419
v -16.129034 -6.369094 -16.129032
v -16.129034 -4.761149 -22.580645
v -16.129034 -3.186791 -29.032257
v -16.129034 -1.788655 -35.483871
v -16.129034 -0.194000 -41.935482
v -16.129034 2.163010 -48.387096
v -16.129034 4.881697 -54.838707
v -15.912080 8.312711 -61.328499
v -15.227294 12.504978 -67.900620
v -14.289024 16.897209 -74.517357
v -13.342394 20.917677 -81.135567
v -12.605265 24.063290 -87.716904
v -12.230594 25.958712 -94.234451
v -9.677422 3.324523 93.548386
v -9.677422 2.801865 87.096771
v -9.677422 2.214445 80.645164
v -9.677422 1.812580 74.193550
v -9.677422 1.293817 67.741936
v -9.677422 0.234187 61.290325
v -9.677422 -1.255924 54.838711
v -9.677422 -2.980910 48.387100
v -9.677422 -4.740384 41.935486
v -9.677422 -6.369096 35.483871
v -9.677422 -7.868004 29.032261
v -9.677422 -9.115240 22.580647
v -9.677422 -9.968177 16.129034
v -9.677422 -10.284186 9.677422
v -9.677422 -9.968177 3.225808
v -9.677422 -9.115240 -3.225805
v -9.677422 -7.868004 -9.677419
v -9.677422 -6.369094 -16.129032
v -9.677422 -4.761149 -22.580645
v -9.677422 -3.186791 -29.032257
v -9.677422 -1.662136 -35.483871
v -9.677422 0.787068 -41.935482
v -9.677422 3.990926 -48.387096
v -9.489232 7.732786 -54.871822
v -8.645880 12.654970 -61.471855
v -7.328211 18.289083 -68.155357
v -5.827944 23.966772 -74.870995
v -4.445065 29.030340 -81.565979
v -3.427544 32.915192 -88.196655
v -2.934732 35.211044 -94.734993
v -3.225808 5.442698 93.548386
v -3.225808 4.338934 87.096771
v -3.225808 2.811718 80.645164
v -3.225808 1.308124 74.193550
v -3.225808 0.321481 67.741936
v -3.225808 -0.519831 61.290325
v -3.225808 -1.749258 54.838711
v -3.225808 -3.186793 48.387100
v -3.225808 -4.761149 41.935486
v -3.225808 -6.369096 35.483871
v -3.225808 -7.868004 29.032261
v -3.225808 -9.115240 22.580647
v -3.225808 -9.968177 16.129034
v -3.225808 -10.284186 9.677422
v -3.225808 -9.968177 3.225808
v -3.225808 -9.115240 -3.225805
v -3.225807 -7.868004 -9.677419
v -3.225807 -6.369094 -16.129032
v -3.225807 -4.761149 -22.580645
v -3.225807 -3.186791 -29.032257
v -3.225807 -1.205474 -35.483871
v -3.225806 1.993257 -41.935482
v -3.181064 5.977592 -48.394970
v -2.456858 11.035908 -54.974030
v -0.998730 17.344492 -61.682255
v 0.906844 24.293997 -68.469223
v 2.902899 31.125343 -75.272110
v 4.645689 37.108646 -82.030426
v 5.871414 41.632290 -88.697746
v 6.430387 44.263664 -95.247734
v 3.225805 10.504714 93.548386
v 3.225805 8.825760 87.096771
v 3.225805 6.379698 80.645164
v 3.225805 3.662753 74.193550
v 3.225805 1.223522 67.741936
v 3.225805 -0.649670 61.290325
v 3.225805 -1.788656 54.838711
v 3.225805 -3.186793 48.387100
v 3.225805 -4.761149 41.935486
v 3.225805 -6.369096 35.483871
v 3.225805 -7.868004 29.032261
v 3.225805 -9.115240 22.580647
v 3.225805 -9.968177 16.129034
v 3.225805 -10.284186 9.677422
v 3.225805 -9.968177 3.225808
v 3.225805 -9.115240 -3.225805
v 3.225805 -7.868004 -9.677419
v 3.225806 -6.369094 -16.129032
v 3.225806 -4.761149 -22.580645
v 3.225806 -3.169541 -29.032257
v 3.225806 -0.611227 -35.483871
v 3.225806 3.195932 -41.935482
v 3.519765 8.059495 -48.438828
v 4.760769 14.284790 -55.108841
v 6.753755 21.774302 -61.911182
v 9.149136 29.828798 -68.784348
v 11.535539 37.615051 -75.655937
v 13.537166 44.348236 -82.459808
v 14.885853 49.383907 -89.148773
v 15.453291 52.275288 -95.700249
v 9.677419 17.782145 93.548386
v 9.677419 15.497343 87.096771
v 9.677419 12.098763 80.645164
v 9.677419 8.136743 74.193550
v 9.677419 4.204505 67.741936
v 9.677419 0.602138 61.290325
v 9.677419 -1.781730 54.838711
v 9.677419 -3.186793 48.387100
v 9.677419 -4.761149 41.935486
v 9.677419 -6.369096 35.483871
v 9.677419 -7.868004 29.032261
v 9.677419 -9.115240 22.580647
v 9.677419 -9.968177 16.129034
v 9.677419 -10.284186 9.677422
v 9.677419 -9.968177 3.225808
v 9.677419 -9.115240 -3.225805
v 9.677419 -7.868004 -9.677419
v 9.677419 -6.369094 -16.129032
v 9.677419 -4.761149 -22.580645
v 9.677419 -3.060259 -29.032257
v 9.677419 -0.053756 -35.483871
v 9.677538 4.203319 -41.935505
v 10.298768 9.881266 -48.496445
v 11.946682 17.001060 -55.238064
v 14.348345 25.388897 -62.112331
v 17.103746 34.274654 -69.048859
v 19.760889 42.771957 -75.968094
v 21.922905 50.060417 -82.800186
v 23.323183 55.476105 -89.498230
v 23.855564 58.559013 -96.043533
v 16.129032 25.869686 93.548386
v 16.129032 22.954468 87.096771
v 16.129032 18.586897 80.645164
v 16.129032 13.398795 74.193550
v 16.129032 8.072686 67.741936
v 16.129032 2.917859 61.290325
v 16.129032 -1.124855 54.838711
v 16.129032 -3.186793 48.387100
v 16.129032 -4.761149 41.935486
v 16.129032 -6.369096 35.483871
v 16.129032 -7.868004 29.032261
v 16.129032 -9.115240 22.580647
v 16.129032 -9.968177 16.129034
v 16.129032 -10.284186 9.677422
v 16.129032 -9.968177 3.225808
v 16.129032 -9.115240 -3.225805
v 16.129032 -7.868004 -9.677419
v 16.129032 -6.369094 -16.129032
v 16.129032 -4.761149 -22.580645
v 16.129032 -2.945595 -29.032257
v 16.129032 0.335533 -35.483871
v 16.150558 4.893748 -41.939270
v 17.012226 11.117002 -48.542526
v 18.918821 18.798199 -55.329670
v 21.574762 27.746695 -62.248688
v 24.547520 37.147533 -69.223465
v 27.360340 46.083809 -76.170090
v 29.605549 53.718628 -83.016830
v 31.020428 59.383213 -89.717445
v 31.508614 62.603939 -96.254967
v 22.580645 33.663715 93.548386
v 22.580645 30.139631 87.096771
v 22.580645 24.871923 80.645164
v 22.580645 18.586897 74.193550
v 22.580645 12.061373 67.741936
v 22.580645 5.601618 61.290325
v 22.580645 0.162952 54.838711
v 22.580645 -3.159999 48.387100
v 22.580645 -4.761149 41.935486
v 22.580645 -6.369096 35.483871
v 22.580645 -7.868004 29.032261
v 22.580645 -9.115240 22.580647
v 22.580645 -9.968177 16.129034
v 22.580645 -10.284186 9.677422
v 22.580645 -9.968177 3.225808
v 22.580645 -9.115240 -3.225805
v 22.580645 -7.868004 -9.677419
v 22.580645 -6.369094 -16.129032
v 22.580645 -4.761149 -22.580645
v 22.580645 -2.899076 -29.032257
v 22.580645 0.474607 -35.483871
v 22.617773 5.144120 -41.942017
v 23.562588 11.553585 -48.559906
v 25.557751 19.426064 -55.362637
v 28.299765 28.565020 -62.296803
v 31.344887 38.140266 -69.284317
v 34.208168 47.225266 -76.239822
v 36.479130 54.979549 -83.091095
v 37.898590 60.737465 -89.792511
v 38.372337 64.023994 -96.327499
v 29.032257 40.072105 93.548386
v 29.032257 36.115391 87.096771
v 29.032257 30.139631 80.645164
v 29.032257 22.954493 74.193550
v 29.032257 15.482023 67.741936
v 29.032257 8.033773 61.290325
v 29.032257 1.529451 54.838711
v 29.032257 -2.862980 48.387100
v 29.032257 -4.761149 41.935486
v 29.032257 -6.369096 35.483871
v 29.032257 -7.868004 29.032261
v 29.032257 -9.115240 22.580647
v 29.032257 -9.968177 16.129034
v 29.032257 -10.284186 9.677422
v 29.032257 -9.968177 3.225808
v 29.032257 -9.115240 -3.225805
v 29.032257 -7.868004 -9.677419
v 29.032257 -6.369094 -16.129032
v 29.032257 -4.761149 -22.580645
v 29.032257 -2.945595 -29.032257
v 29.032257 0.335533 -35.483871
v 29.053783 4.893748 -41.939270
v 29.915451 11.117003 -48.542526
v 31.822050 18.798204 -55.329670
v 34.477989 27.746698 -62.248688
v 37.450745 37.147533 -69.223465
v 40.263569 46.083809 -76.170090
v 42.508774 53.718628 -83.016830
v 43.923649 59.383213 -89.717445
v 44.411839 62.603939 -96.254967
v 35.483871 43.635361 93.548386
v 35.483871 39.586498 87.096771
v 35.483871 33.625446 80.645164
v 35.483871 26.244009 74.193550
v 35.483871 18.127081 67.741936
v 35.483871 9.970510 61.290325
v 35.483871 2.666017 54.838711
v 35.483871 -2.500296 48.387100
v 35.483871 -4.761149 41.935486
v 35.483871 -6.369096 35.483871
v 35.483871 -7.868004 29.032261
v 35.483871 -9.115240 22.580647
v 35.483871 -9.968177 16.129034
v 35.483871 -10.284186 9.677422
v 35.483871 -9.968177 3.225808
v 35.483871 -9.115240 -3.225805
v 35.483871 -7.868004 -9.677419
v 35.483871 -6.369094 -16.129032
v 35.483871 -4.761149 -22.580645
v 35.483871 -3.060259 -29.032257
v 35.483871 -0.053754 -35.483871
v 35.483990 4.203319 -41.935505
v 36.105217 9.881266 -48.496445
v 37.753136 17.001060 -55.238064
v 40.154797 25.388897 -62.112331
v 42.910202 34.274654 -69.048859
v 45.567341 42.771957 -75.968094
v 47.729351 50.060417 -82.800186
v 49.129635 55.476105 -89.498230
v 49.662018 58.559013 -96.043533
v 41.935482 44.363956 93.548386
v 41.935482 40.452938 87.096771
v 41.935482 34.767338 80.645164
v 41.935482 27.813133 74.193550
v 41.935482 19.911575 67.741936
v 41.935482 11.471296 61.290325
v 41.935482 3.762002 54.838711
v 41.935482 -1.880506 48.387100
v 41.935482 -4.567695 41.935486
v 41.935482 -6.354698 35.483871
v 41.935482 -7.868004 29.032261
v 41.935482 -9.115240 22.580647
v 41.935482 -9.968177 16.129034
v 41.935482 -10.284186 9.677422
v 41.935482 -9.968177 3.225808
v 41.935482 -9.115240 -3.225805
v 41.935482 -7.868004 -9.677419
v 41.935482 -6.369094 -16.129032
v 41.935482 -4.761149 -22.580645
v 41.935482 -3.169541 -29.032257
v 41.935482 -0.611227 -35.483871
v 41.935482 3.195932 -41.935482
v 42.229443 8.059495 -48.438828
v 43.470448 14.284797 -55.108841
v 45.463432 21.774302 -61.911182
v 47.858814 29.828808 -68.784348
v 50.245213 37.615055 -75.655937
v 52.246845 44.348248 -82.459808
v 53.595531 49.383907 -89.148773
v 54.162968 52.275288 -95.700249
v 48.387096 42.103714 93.548386
v 48.387096 38.663818 87.096771
v 48.387096 33.586784 80.645164
v 48.387096 27.364388 74.193550
v 48.387096 20.524328 67.741936
v 48.387096 12.485687 61.290325
v 48.387096 4.612084 54.838711
v 48.387096 -1.034363 48.387100
v 48.387096 -3.867738 41.935486
v 48.387096 -5.988851 35.483871
v 48.387096 -7.812433 29.032261
v 48.387096 -9.115240 22.580647
v 48.387096 -9.968177 16.129034
v 48.387096 -10.284186 9.677422
v 48.387096 -9.968177 3.225808
v 48.387096 -9.098538 -3.225805
v 48.387096 -7.813283 -9.677419
v 48.387096 -6.352392 -16.129032
v 48.387096 -4.761149 -22.580645
v 48.387096 -3.186791 -29.032257
v 48.387096 -1.205473 -35.483871
v 48.387096 1.993259 -41.935482
v 48.431839 5.977592 -48.394970
v 49.156044 11.035915 -54.974030
v 50.614174 17.344496 -61.682255
v 52.519745 24.294003 -68.469223
v 54.515804 31.125343 -75.272110
v 56.258595 37.108650 -82.030426
v 57.484318 41.632305 -88.697746
v 58.043289 44.263664 -95.247734
v 54.838707 37.464870 93.548386
v 54.838707 34.698631 87.096771
v 54.838707 30.612968 80.645164
v 54.838707 27.544647 74.193550
v 54.838707 23.867086 67.741936
v 54.838707 16.580418 61.290325
v 54.838707 6.721269 54.838711
v 54.838707 -0.033774 48.387100
v 54.838707 -2.672364 41.935486
v 54.838707 -4.617398 35.483871
v 54.838707 -6.564095 29.032261
v 54.838707 -8.478552 22.580647
v 54.838707 -9.857865 16.129034
v 54.838707 -9.853689 9.677422
v 54.838707 -8.538561 3.225808
v 54.838707 -6.783043 -3.225805
v 54.838707 -5.184696 -9.677419
v 54.838707 -4.042932 -16.129032
v 54.838707 -3.334899 -22.580645
v 54.838707 -2.756294 -29.032257
v 54.838707 -1.661969 -35.483871
v 54.838707 0.785630 -41.935482
v 54.838707 3.989479 -48.387096
v 55.026894 7.732791 -54.871822
v 55.870247 12.654978 -61.471855
v 57.188362 18.292524 -68.155441
v 58.697475 24.030624 -74.872627
v 60.076736 29.068085 -81.566978
v 61.088585 32.915211 -88.196655
v 61.581398 35.211067 -94.734993
v 61.290318 32.014164 93.548386
v 61.290318 30.231438 87.096771
v 61.290318 30.805216 80.645164
v 61.290318 31.779163 74.193550
v 61.290318 30.119270 67.741936
v 61.290318 23.208178 61.290325
v 61.290318 12.064381 54.838711
v 61.290318 4.848330 48.387100
v 61.290318 2.665578 41.935486
v 61.290318 1.933846 35.483871
v 61.290318 0.074864 29.032261
v 61.290318 -2.892319 22.580647
v 61.290318 -5.098210 16.129034
v 61.290318 -5.444674 9.677422
v 61.290318 -4.099438 3.225808
v 61.290318 -1.461125 -3.225805
v 61.290318 0.455740 -9.677419
v 61.290318 1.271991 -16.129032
v 61.290318 1.066746 -22.580645
v 61.290318 0.245167 -29.032257
v 61.290318 -0.583515 -35.483871
v 61.290318 -0.153193 -41.935482
v 61.290318 2.163739 -48.387096
v 61.290318 4.887136 -54.838707
v 61.554760 9.209580 -61.336857
v 62.432289 15.039447 -67.942902
v 63.588428 20.754189 -74.597977
v 64.634048 25.192087 -81.233604
v 65.323448 27.848751 -87.806541
v 65.557571 28.694359 -94.299355
v 67.741928 28.995796 93.548386
v 67.741928 30.894508 87.096771
v 67.741928 34.674709 80.645164
v 67.741928 37.645889 74.193550
v 67.741928 37.020279 67.741936
v 67.741928 30.278509 61.290325
v 67.741928 22.449810 54.838711
v 67.741928 18.106192 48.387100
v 67.741928 14.486202 41.935486
v 67.741928 12.477434 35.483871
v 67.741928 10.677393 29.032261
v 67.741928 6.942998 22.580647
v 67.741928 4.523799 16.129034
v 67.741928 3.855310 9.677422
v 67.741928 4.198500 3.225808
v 67.741928 5.587696 -3.225805
v 67.741928 7.767517 -9.677419
v 67.741928 8.295584 -16.129032
v 67.741928 7.261799 -22.580645
v 67.741928 5.175334 -29.032257
v 67.741928 2.603401 -35.483871
v 67.741928 0.554232 -41.935482
v 67.741928 0.743036 -48.387096
v 67.741928 3.674448 -54.838707
v 67.751930 8.903083 -61.292076
v 68.228378 15.401675 -67.827538
v 69.098305 21.694971 -74.432251
v 69.920113 26.340017 -81.028488
v 70.425644 28.636477 -87.569061
v 70.515457 28.523155 -94.036484
v 74.193542 28.770023 93.548386
v 74.193542 33.177029 87.096771
v 74.193542 39.110821 80.645164
v 74.193542 43.370888 74.193550
v 74.193542 42.217209 67.741936
v 74.193542 37.953388 61.290325
v 74.193542 34.694969 54.838711
v 74.193542 30.047974 48.387100
v 74.193542 25.802326 41.935486
v 74.193542 24.243616 35.483871
v 74.193542 22.561316 29.032261
v 74.193542 17.736803 22.580647
v 74.193542 13.936842 16.129034
v 74.193542 13.580420 9.677422
v 74.193542 14.342630 3.225808
v 74.193542 14.550129 -3.225805
v 74.193542 15.641919 -9.677419
v 74.193542 15.889004 -16.129032
v 74.193542 14.080437 -22.580645
v 74.193542 10.679174 -29.032257
v 74.193542 6.630800 -35.483871
v 74.193542 2.905834 -41.935482
v 74.193542 0.878530 -48.387096
v 74.193542 4.195010 -54.838707
v 74.193542 10.345964 -61.290318
v 74.301903 17.450970 -67.761002
v 74.837166 24.379847 -74.306808
v 75.420586 29.511547 -80.861099
v 75.780663 31.855471 -87.376083
v 75.819366 31.194851 -93.834503
v 80.645157 33.958179 93.548386
v 80.645157 35.920956 87.096771
v 80.645157 41.407387 80.645164
v 80.645157 46.787937 74.193550
v 80.645157 46.015488 67.741936
v 80.645157 43.788540 61.290325
v 80.645157 40.366791 54.838711
v 80.645157 34.702133 48.387100
v 80.645157 32.348095 41.935486
v 80.645157 34.260815 35.483871
v 80.645157 33.252151 29.032261
v 80.645157 27.900055 22.580647
v 80.645157 20.966869 16.129034
v 80.645157 20.263369 9.677422
v 80.645157 22.653885 3.225808
v 80.645157 23.434099 -3.225805
v 80.645157 22.924530 -9.677419
v 80.645157 22.755579 -16.129032
v 80.645157 20.189245 -22.580645
v 80.645157 15.754919 -29.032257
v 80.645157 10.566005 -35.483871
v 80.645157 5.388212 -41.935482
v 80.645157 2.813752 -48.387096
v 80.645157 5.776629 -54.838707
v 80.645157 12.379507 -61.290318
v 80.645157 19.966888 -67.741928
v 80.775330 27.167892 -74.216454
v 81.067497 32.638855 -80.719482
v 81.270050 35.072575 -87.206741
v 81.289688 34.012257 -93.661812
v 87.096771 42.203392 93.548386
v 87.096771 38.859978 87.096771
v 87.096771 40.085258 80.645164
v 87.096771 45.016457 74.193550
v 87.096771 46.028358 67.741936
v 87.096771 43.357803 61.290325
v 87.096771 39.616066 54.838711
v 87.096771 35.366215 48.387100
v 87.096771 37.383728 41.935486
v 87.096771 41.126915 35.483871
v 87.096771 40.967495 29.032261
v 87.096771 35.325794 22.580647
v 87.096771 25.995884 16.129034
v 87.101120 23.646757 9.674809
v 87.096771 27.457901 3.225808
v 87.096771 29.746046 -3.225805
v 87.096771 28.652752 -9.677419
v 87.096771 27.675194 -16.129032
v 87.096771 24.442696 -22.580645
v 87.096771 19.382742 -29.032257
v 87.096771 13.373401 -35.483871
v 87.096771 7.332938 -41.935482
v 87.096771 4.557524 -48.387096
v 87.096771 7.535872 -54.838707
v 87.096771 14.493489 -61.290318
v 87.096771 22.112053 -67.741928
v 87.096771 29.347935 -74.193542
v 87.105408 34.782379 -80.646675
v 87.146088 37.132587 -87.105446
v 87.150803 35.654743 -93.557892
v 93.548378 48.888153 93.548386
v 93.548378 43.947647 87.096771
v 93.548378 38.971443 80.645164
v 93.548378 40.012859 74.193550
v 93.548378 40.594070 67.741936
v 93.548378 37.954861 61.290325
v 93.548378 35.717583 54.838711
v 93.548378 34.648399 48.387100
v 93.548378 39.710503 41.935486
v 93.548378 43.824066 35.483871
v 93.548378 44.039696 29.032261
v 93.548378 38.270115 22.580647
v 93.548378 28.155807 16.129034
v 94.180702 26.821836 9.297590
v 93.548378 28.933636 3.225808
v 93.548378 32.006462 -3.225805
v 93.548378 30.949205 -9.677419
v 93.548378 29.519331 -16.129032
v 93.548378 25.985140 -22.580645
v 93.548378 20.702618 -29.032257
v 93.548378 14.543167 -35.483871
v 93.548378 8.126581 -41.935482
v 93.548378 5.229295 -48.387096
v 93.548378 8.219894 -54.838707
v 93.548378 15.441847 -61.290318
v 93.548378 23.233505 -67.741928
v 93.548378 30.315273 -74.193542
v 93.548378 35.479851 -80.645157
v 93.548378 37.577545 -87.096771
v 93.548378 35.703571 -93.548378
vn 0.2320 0.7696 -0.5948
vn -0.5351 0.8024 -0.2643
vn -0.3409 0.8859 -0.3145
vn -0.0826 0.9351 -0.3447
vn 0.1853 0.9196 -0.3463
vn 0.4082 0.8557 -0.3181
vn 0.5546 0.7853 -0.2751
vn 0.6341 0.7374 -0.2327
vn 0.6538 0.7313 -0.1942
vn 0.4832 0.8590 -0.1689
vn 0.1222 0.9853 -0.1197
vn -0.3202 0.9458 -0.0537
vn -0.5719 0.8203 0.0038
vn -0.6883 0.7243 0.0410
vn -0.7043 0.7075 0.0589
vn -0.6930 0.7176 0.0687
vn -0.6613 0.7459 0.0790
vn -0.5959 0.7981 0.0888
vn -0.4647 0.8803 0.0954
vn -0.2017 0.9752 0.0911
vn 0.2273 0.9717 0.0644
vn 0.6062 0.7947 0.0324
vn 0.8099 0.5863 0.0152
vn 0.8983 0.4393 0.0101
vn 0.9304 0.3664 0.0110
vn 0.8775 0.4784 -0.0324
vn 0.1863 0.9551 -0.2303
vn -0.3331 0.8711 -0.3608
vn -0.3400 0.8172 -0.4654
vn -0.1743 0.8096 -0.5605
vn 0.0145 0.7937 -0.6081
vn -0.7306 0.6666 -0.1480
vn -0.6090 0.6675 -0.4285
vn -0.2836 0.9208 -0.2677
vn 0.3952 0.8336 0.3859
vn 0.6260 0.7739 0.0956
vn 0.6134 0.7303 -0.3005
vn 0.5474 0.7593 -0.3519
vn 0.3140 0.8778 -0.3618
vn -0.1087 0.8715 0.4782
vn -0.3156 0.8105 0.4935
vn -0.4082 0.9129 0.0040
vn -0.3297 0.7072 -0.6254
vn -0.2137 0.5402 -0.8140
vn -0.3600 0.8944 -0.2652
vn -0.2842 0.8610 0.4218
vn -0.2583 0.8921 0.3707
vn -0.3290 0.9315 -0.1552
vn -0.3008 0.9375 -0.1749
vn -0.2264 0.8626 -0.4524
vn -0.1706 0.7688 -0.6163
vn -0.1390 0.7204 -0.6794
vn -0.1088 0.7152 -0.6904
vn -0.1034 0.9105 -0.4003
vn -0.0949 0.9035 0.4180
vn -0.0848 0.6706 0.7369
vn -0.1024 0.6386 0.7627
vn -0.1077 0.6656 0.7385
vn -0.0994 0.7690 0.6315
vn -0.0841 0.9422 0.3243
vn -0.0370 0.9672 -0.2512
vn -0.8000 0.5970 -0.0597
vn -0.6528 0.7532 -0.0806
vn -0.1105 0.8817 0.4586
vn 0.1841 0.7678 0.6136
vn 0.1350 0.9907 0.0184
vn 0.0303 0.9345 -0.3547
vn 0.0798 0.8715 -0.4838
vn 0.0053 0.7929 -0.6093
vn -0.4039 0.9145 -0.0238
vn -0.6453 0.6996 0.3067
vn -0.7475 0.6615 -0.0599
vn -0.6662 0.5677 -0.4837
vn -0.5145 0.5330 -0.6718
vn -0.5356 0.8218 -0.1946
vn -0.4962 0.7824 0.3763
vn -0.6423 0.7456 0.1773
vn -0.6794 0.7281 -0.0905
vn -0.6350 0.7695 -0.0684
vn -0.5441 0.7653 -0.3439
vn -0.4414 0.7227 -0.5318
vn -0.3525 0.7068 -0.6134
vn -0.2678 0.7271 -0.6322
vn -0.2553 0.8931 -0.3703
vn -0.2394 0.8819 0.4061
vn -0.2026 0.6750 0.7094
vn -0.2089 0.6327 0.7457
vn -0.2219 0.6515 0.7254
vn -0.2640 0.7409 0.6175
vn -0.3191 0.8909 0.3232
vn -0.2927 0.9381 -0.1850
vn -0.6758 0.7349 0.0568
vn -0.4827 0.7853 0.3877
vn -0.2808 0.7187 0.6361
vn -0.3343 0.7550 0.5641
vn -0.4840 0.8655 -0.1292
vn -0.5549 0.7432 -0.3739
vn -0.6208 0.6962 -0.3604
vn -0.5301 0.6624 -0.5294
vn -0.6115 0.7045 -0.3603
vn -0.7888 0.6145 0.0169
vn -0.8436 0.5257 -0.1096
vn -0.7854 0.4860 -0.3833
vn -0.7156 0.5370 -0.4467
vn -0.7271 0.6842 -0.0562
vn -0.7485 0.6441 0.1574
vn -0.7990 0.5996 0.0459
vn -0.7813 0.6236 0.0281
vn -0.7389 0.6738 0.0041
vn -0.6896 0.6858 -0.2325
vn -0.5953 0.6868 -0.4171
vn -0.4938 0.7071 -0.5062
vn -0.3789 0.7617 -0.5256
vn -0.3069 0.8964 -0.3197
vn -0.2380 0.8733 0.4250
vn -0.1954 0.6975 0.6894
vn -0.2300 0.6437 0.7299
vn -0.2895 0.6560 0.6971
vn -0.3837 0.7293 0.5665
vn -0.4806 0.8297 0.2841
vn -0.4761 0.8714 -0.1183
vn 0.1623 0.9848 0.0620
vn -0.1418 0.8894 0.4346
vn -0.3841 0.7376 0.5553
vn -0.5662 0.7190 0.4030
vn -0.6425 0.7591 -0.1047
vn -0.6046 0.6060 -0.5169
vn -0.7604 0.4926 -0.4232
vn -0.8384 0.4472 -0.3116
vn -0.8385 0.4652 -0.2836
vn -0.8650 0.4836 -0.1337
vn -0.8706 0.4750 -0.1282
vn -0.8259 0.4699 -0.3117
vn -0.8158 0.5209 -0.2511
vn -0.8283 0.5585 -0.0444
vn -0.8378 0.5440 0.0466
vn -0.8267 0.5583 0.0691
vn -0.7844 0.6012 0.1524
vn -0.7673 0.6401 0.0385
vn -0.7371 0.6599 -0.1454
vn -0.6601 0.6912 -0.2940
vn -0.5492 0.7435 -0.3815
vn -0.4113 0.8320 -0.3723
vn -0.1874 0.9725 -0.1386
vn -0.0457 0.8991 0.4354
vn -0.1136 0.7452 0.6571
vn -0.1942 0.6822 0.7049
vn -0.2876 0.6906 0.6636
vn -0.4061 0.7536 0.5169
vn -0.4961 0.8280 0.2614
vn -0.4813 0.8747 -0.0572
vn 0.4422 0.8929 -0.0842
vn 0.1796 0.9837 0.0088
vn -0.3158 0.8990 0.3034
vn -0.5851 0.7755 0.2371
vn -0.6979 0.7053 -0.1249
vn -0.5968 0.5512 -0.5832
vn -0.6055 0.4476 -0.6581
vn -0.8066 0.4402 -0.3944
vn -0.8710 0.4481 -0.2015
vn -0.8613 0.4970 -0.1055
vn -0.8445 0.5153 -0.1461
vn -0.8148 0.5144 -0.2672
vn -0.8175 0.5421 -0.1943
vn -0.8254 0.5628 -0.0443
vn -0.8040 0.5895 0.0771
vn -0.7504 0.6309 0.1969
vn -0.7276 0.6538 0.2076
vn -0.7415 0.6674 0.0695
vn -0.7140 0.6970 -0.0669
vn -0.6437 0.7466 -0.1683
vn -0.5197 0.8261 -0.2177
vn -0.2869 0.9505 -0.1193
vn 0.0542 0.9802 0.1904
vn 0.1837 0.9003 0.3946
vn 0.0940 0.8003 0.5922
vn -0.0125 0.7299 0.6834
vn -0.1023 0.7451 0.6591
vn -0.1777 0.8228 0.5398
vn -0.1864 0.9246 0.3322
vn -0.0638 0.9965 0.0547
vn 0.6439 0.7592 -0.0948
vn 0.5869 0.7636 -0.2692
vn 0.3045 0.9191 -0.2501
vn -0.3207 0.9349 -0.1518
vn -0.6005 0.7389 -0.3056
vn -0.5574 0.5584 -0.6144
vn -0.4368 0.4709 -0.7664
vn -0.4736 0.5976 -0.6470
vn -0.5959 0.7523 -0.2811
vn -0.6699 0.7270 -0.1508
vn -0.7001 0.6849 -0.2020
vn -0.6632 0.7000 -0.2648
vn -0.6114 0.7625 -0.2119
vn -0.5791 0.8150 -0.0216
vn -0.5575 0.8131 0.1676
vn -0.5822 0.7696 0.2621
vn -0.6339 0.7462 0.2033
vn -0.6429 0.7573 0.1149
vn -0.6013 0.7984 0.0311
vn -0.4976 0.8673 -0.0163
vn -0.3014 0.9533 0.0196
vn -0.0106 0.9760 0.2177
vn 0.1933 0.9020 0.3860
vn 0.3106 0.8484 0.4286
vn 0.3817 0.7396 0.5543
vn 0.3875 0.6653 0.6381
vn 0.3932 0.6582 0.6421
vn 0.4742 0.6746 0.5658
vn 0.6352 0.6573 0.4056
vn 0.7957 0.5772 0.1835
vn 0.5920 0.7968 -0.1212
vn 0.5151 0.7724 -0.3715
vn 0.4016 0.7467 -0.5302
vn 0.1730 0.7993 -0.5755
vn -0.2070 0.7583 -0.6181
vn -0.3480 0.6038 -0.7171
vn -0.2722 0.5662 -0.7781
vn -0.1712 0.7103 -0.6827
vn -0.1548 0.9095 -0.3857
vn -0.1864 0.9370 -0.2953
vn -0.1913 0.9421 -0.2753
vn -0.1403 0.9607 -0.2395
vn -0.0570 0.9838 -0.1702
vn -0.0419 0.9988 -0.0241
vn -0.1416 0.9821 0.1242
vn -0.2736 0.9425 0.1918
vn -0.3503 0.9141 0.2043
vn -0.3512 0.9178 0.1851
vn -0.2741 0.9468 0.1687
vn -0.1405 0.9766 0.1629
vn 0.0020 0.9727 0.2319
vn 0.1173 0.9098 0.3981
vn 0.2118 0.8536 0.4760
vn 0.3281 0.7726 0.5435
vn 0.4456 0.6447 0.6211
vn 0.5492 0.5410 0.6370
vn 0.6452 0.4689 0.6032
vn 0.7433 0.4225 0.5186
vn 0.8346 0.3919 0.3872
vn 0.9022 0.3748 0.2136
vn 0.3429 0.9215 -0.1824
vn 0.2631 0.8383 -0.4776
vn 0.1740 0.7562 -0.6308
vn 0.0880 0.6969 -0.7117
vn -0.0084 0.6586 -0.7524
vn -0.0775 0.6147 -0.7850
vn -0.0918 0.6351 -0.7670
vn -0.0985 0.7490 -0.6553
vn -0.1095 0.9139 -0.3910
vn -0.0788 0.9541 -0.2890
vn -0.0316 0.9677 -0.2502
vn -0.0042 0.9810 -0.1939
vn -0.0000 0.9914 -0.1311
vn -0.0000 0.9988 -0.0489
vn -0.0000 0.9988 0.0489
vn -0.0013 0.9912 0.1323
vn -0.0054 0.9813 0.1926
vn -0.0054 0.9747 0.2236
vn -0.0013 0.9706 0.2407
vn 0.0013 0.9712 0.2383
vn 0.0447 0.9424 0.3315
vn 0.1215 0.8723 0.4736
vn 0.2072 0.8055 0.5552
vn 0.3052 0.7022 0.6433
vn 0.3948 0.5905 0.7039
vn 0.4799 0.5114 0.7128
vn 0.5706 0.4633 0.6781
vn 0.6704 0.4398 0.5975
vn 0.7739 0.4349 0.4604
vn 0.8604 0.4389 0.2590
vn -0.1022 0.9700 -0.2205
vn -0.1046 0.8464 -0.5221
vn -0.1148 0.7374 -0.6656
vn -0.1392 0.6625 -0.7360
vn -0.1609 0.6191 -0.7686
vn -0.1544 0.6064 -0.7800
vn -0.1301 0.6463 -0.7520
vn -0.1014 0.7626 -0.6388
vn -0.0587 0.9321 -0.3574
vn -0.0156 0.9670 -0.2544
vn -0.0011 0.9738 -0.2273
vn -0.0000 0.9818 -0.1898
vn -0.0000 0.9914 0.1311
vn -0.0000 0.9818 0.1898
vn -0.0000 0.9741 0.2263
vn -0.0000 0.9703 0.2418
vn 0.0082 0.9689 0.2472
vn 0.0474 0.9172 0.3956
vn 0.1023 0.8436 0.5272
vn 0.1684 0.7613 0.6261
vn 0.2422 0.6612 0.7101
vn 0.3054 0.5716 0.7616
vn 0.3708 0.5165 0.7719
vn 0.4474 0.4933 0.7460
vn 0.5409 0.4983 0.6776
vn 0.6512 0.5275 0.5456
vn 0.7579 0.5672 0.3224
vn -0.4781 0.8562 -0.1959
vn -0.4203 0.7710 -0.4784
vn -0.3680 0.6825 -0.6314
vn -0.3288 0.6262 -0.7069
vn -0.2814 0.6118 -0.7392
vn -0.2207 0.6215 -0.7517
vn -0.1605 0.6739 -0.7212
vn -0.0930 0.8001 -0.5927
vn -0.0267 0.9514 -0.3067
vn -0.0000 0.9703 -0.2418
vn -0.0000 0.9741 -0.2263
vn 0.0086 0.9648 0.2629
vn 0.0351 0.8984 0.4378
vn 0.0689 0.8238 0.5627
vn 0.1089 0.7312 0.6734
vn 0.1533 0.6464 0.7475
vn 0.1907 0.5765 0.7945
vn 0.2320 0.5419 0.8078
vn 0.2832 0.5410 0.7919
vn 0.3509 0.5743 0.7396
vn 0.4411 0.6439 0.6252
vn 0.5449 0.7380 0.3981
vn -0.7026 0.6968 -0.1447
vn -0.6388 0.6656 -0.3859
vn -0.5491 0.6301 -0.5491
vn -0.4589 0.6146 -0.6416
vn -0.3786 0.6273 -0.6805
vn -0.2948 0.6499 -0.7005
vn -0.2112 0.7173 -0.6640
vn -0.1100 0.8531 -0.5101
vn -0.0222 0.9649 -0.2617
vn 0.0035 0.9617 0.2741
vn 0.0128 0.8887 0.4583
vn 0.0245 0.8133 0.5813
vn 0.0376 0.7199 0.6930
vn 0.0518 0.6497 0.7584
vn 0.0639 0.5947 0.8014
vn 0.0775 0.5748 0.8146
vn 0.0948 0.5892 0.8024
vn 0.1183 0.6406 0.7587
vn 0.1516 0.7362 0.6595
vn 0.1951 0.8722 0.4485
vn -0.7699 0.6285 -0.1105
vn -0.7204 0.6206 -0.3097
vn -0.6416 0.6146 -0.4589
vn -0.5534 0.6224 -0.5534
vn -0.4640 0.6524 -0.5992
vn -0.3588 0.6938 -0.6245
vn -0.2407 0.7821 -0.5747
vn -0.0936 0.9188 -0.3834
vn -0.0020 0.9710 -0.2390
vn -0.0035 0.9617 0.2741
vn -0.0128 0.8887 0.4583
vn -0.0244 0.8134 0.5811
vn -0.0372 0.7250 0.6877
vn -0.0508 0.6643 0.7457
vn -0.0622 0.6185 0.7833
vn -0.0748 0.6063 0.7917
vn -0.0905 0.6260 0.7745
vn -0.1112 0.6788 0.7259
vn -0.1393 0.7680 0.6251
vn -0.1744 0.8866 0.4285
vn -0.7828 0.6161 -0.0874
vn -0.7452 0.6185 -0.2493
vn -0.6794 0.6287 -0.3784
vn -0.5963 0.6548 -0.4644
vn -0.4984 0.7044 -0.5054
vn -0.3686 0.7692 -0.5220
vn -0.2020 0.8767 -0.4366
vn -0.0491 0.9646 -0.2592
vn -0.0000 0.9715 -0.2371
vn -0.0086 0.9648 0.2629
vn -0.0351 0.8984 0.4378
vn -0.0687 0.8239 0.5626
vn -0.1061 0.7435 0.6602
vn -0.1449 0.6863 0.7127
vn -0.1765 0.6438 0.7445
vn -0.2098 0.6328 0.7454
vn -0.2491 0.6495 0.7184
vn -0.2973 0.6914 0.6585
vn -0.3560 0.7555 0.5500
vn -0.4197 0.8301 0.3672
vn -0.7510 0.6564 -0.0713
vn -0.7186 0.6647 -0.2042
vn -0.6584 0.6856 -0.3106
vn -0.5743 0.7270 -0.3763
vn -0.4600 0.7962 -0.3931
vn -0.2891 0.8812 -0.3740
vn -0.0937 0.9604 -0.2622
vn -0.0005 0.9772 -0.2123
vn -0.0082 0.9689 0.2472
vn -0.0474 0.9172 0.3956
vn -0.1023 0.8436 0.5272
vn -0.1627 0.7734 0.6127
vn -0.2233 0.7146 0.6629
vn -0.2716 0.6702 0.6907
vn -0.3191 0.6552 0.6847
vn -0.3712 0.6644 0.6487
vn -0.4299 0.6918 0.5801
vn -0.4941 0.7316 0.4697
vn -0.5556 0.7731 0.3060
vn -0.6235 0.7795 -0.0602
vn -0.5861 0.7920 -0.1708
vn -0.5123 0.8207 -0.2527
vn -0.3999 0.8712 -0.2849
vn -0.2370 0.9390 -0.2493
vn -0.0585 0.9769 -0.2055
vn 0.0129 0.9835 -0.1805
vn 0.0030 0.9767 -0.2146
vn -0.0013 0.9712 0.2383
vn -0.0447 0.9424 0.3315
vn -0.1215 0.8723 0.4736
vn -0.2008 0.8115 0.5487
vn -0.2799 0.7510 0.5980
vn -0.3436 0.6995 0.6266
vn -0.4007 0.6769 0.6174
vn -0.4582 0.6766 0.5764
vn -0.5178 0.6908 0.5047
vn -0.5771 0.7127 0.3989
vn -0.6289 0.7343 0.2555
vn -0.3246 0.9448 -0.0441
vn -0.2706 0.9551 -0.1204
vn -0.1611 0.9739 -0.1596
vn -0.0071 0.9892 -0.1461
vn 0.1130 0.9869 -0.1151
vn 0.1312 0.9808 -0.1445
vn 0.0942 0.9742 -0.2053
vn 0.0526 0.9699 -0.2377
vn 0.0170 0.9681 -0.2501
vn 0.0016 0.9699 -0.2433
vn -0.0000 0.9715 0.2371
vn -0.0341 0.9644 0.2621
vn -0.1172 0.9098 0.3982
vn -0.2104 0.8545 0.4750
vn -0.3081 0.7988 0.5166
vn -0.3890 0.7361 0.5539
vn -0.4549 0.7025 0.5473
vn -0.5151 0.6914 0.5066
vn -0.5722 0.6940 0.4370
vn -0.6246 0.7034 0.3394
vn -0.6673 0.7131 0.2148
vn 0.1911 0.9813 -0.0219
vn 0.2192 0.9739 -0.0583
vn 0.2518 0.9650 -0.0737
vn 0.2565 0.9641 -0.0692
vn 0.2346 0.9678 -0.0917
vn 0.2032 0.9634 -0.1747
vn 0.1663 0.9564 -0.2400
vn 0.1252 0.9529 -0.2762
vn 0.0806 0.9554 -0.2840
vn 0.0351 0.9634 -0.2658
vn 0.0063 0.9726 -0.2323
vn -0.0096 0.9752 0.2209
vn -0.0816 0.9511 0.2981
vn -0.1960 0.9005 0.3881
vn -0.3042 0.8540 0.4221
vn -0.4010 0.7866 0.4695
vn -0.4802 0.7378 0.4744
vn -0.5447 0.7141 0.4397
vn -0.6002 0.7057 0.3765
vn -0.6473 0.7052 0.2893
vn -0.6834 0.7071 0.1816
vn 0.3472 0.9377 -0.0139
vn 0.3414 0.9390 -0.0410
vn 0.3297 0.9418 -0.0660
vn 0.3125 0.9459 -0.0876
vn 0.2897 0.9500 -0.1168
vn 0.2592 0.9442 -0.2031
vn 0.2231 0.9361 -0.2719
vn 0.1833 0.9323 -0.3118
vn 0.1405 0.9356 -0.3239
vn 0.0946 0.9467 -0.3079
vn 0.0455 0.9639 -0.2623
vn 0.0100 0.9799 -0.1994
vn -0.0000 0.9773 0.2118
vn -0.0378 0.9782 0.2040
vn -0.1430 0.9500 0.2774
vn -0.2666 0.9091 0.3200
vn -0.3727 0.8498 0.3727
vn -0.4667 0.7918 0.3940
vn -0.5355 0.7531 0.3823
vn -0.5854 0.7381 0.3353
vn -0.6282 0.7345 0.2566
vn -0.6641 0.7316 0.1540
vn 0.3862 0.9223 -0.0168
vn 0.3804 0.9235 -0.0497
vn 0.3691 0.9259 -0.0803
vn 0.3523 0.9297 -0.1073
vn 0.3305 0.9333 -0.1402
vn 0.3008 0.9258 -0.2291
vn 0.2657 0.9158 -0.3013
vn 0.2273 0.9109 -0.3445
vn 0.1865 0.9140 -0.3604
vn 0.1432 0.9261 -0.3490
vn 0.0968 0.9464 -0.3082
vn 0.0465 0.9711 -0.2343
vn 0.0101 0.9900 -0.1410
vn -0.0013 0.9861 0.1663
vn -0.0595 0.9855 0.1587
vn -0.1856 0.9621 0.1998
vn -0.2859 0.9133 0.2900
vn -0.3329 0.8759 0.3493
vn -0.3714 0.8520 0.3689
vn -0.4252 0.8411 0.3344
vn -0.4826 0.8393 0.2502
vn -0.5339 0.8352 0.1315
vn 0.4139 0.9101 -0.0186
vn 0.4190 0.9068 -0.0463
vn 0.4272 0.9005 -0.0815
vn 0.4219 0.8984 -0.1224
vn 0.3946 0.9032 -0.1689
vn 0.3461 0.9005 -0.2634
vn 0.2982 0.8952 -0.3312
vn 0.2583 0.8904 -0.3747
vn 0.2195 0.8925 -0.3940
vn 0.1788 0.9047 -0.3866
vn 0.1358 0.9265 -0.3508
vn 0.0893 0.9551 -0.2824
vn 0.0392 0.9835 -0.1764
vn 0.0065 0.9984 -0.0554
vn 0.0279 0.9643 0.2632
vn 0.1173 0.9559 0.2692
vn 0.2092 0.9593 0.1896
vn 0.2110 0.9750 0.0695
vn 0.1077 0.9926 0.0565
vn -0.0089 0.9744 0.2245
vn -0.0627 0.9386 0.3391
vn -0.0958 0.9312 0.3517
vn -0.1438 0.9384 0.3141
vn -0.2055 0.9523 0.2255
vn -0.2680 0.9590 0.0920
vn 0.4905 0.8711 0.0238
vn 0.5441 0.8390 -0.0050
vn 0.5734 0.8173 -0.0573
vn 0.5744 0.8091 -0.1240
vn 0.5478 0.8136 -0.1948
vn 0.4868 0.8189 -0.3041
vn 0.3962 0.8336 -0.3848
vn 0.3014 0.8546 -0.4228
vn 0.2411 0.8722 -0.4256
vn 0.2024 0.8841 -0.4212
vn 0.1627 0.9064 -0.3898
vn 0.1203 0.9375 -0.3266
vn 0.0741 0.9714 -0.2258
vn 0.0266 0.9960 -0.0851
vn 0.0016 0.9989 0.0473
vn 0.0646 0.9512 0.3017
vn 0.2513 0.8824 0.3977
vn 0.4397 0.8191 0.3684
vn 0.5468 0.8096 0.2135
vn 0.5844 0.8105 0.0398
vn 0.5681 0.8216 -0.0480
vn 0.4612 0.8859 0.0507
vn 0.2899 0.9240 0.2495
vn 0.2203 0.9181 0.3296
vn 0.2243 0.9325 0.2830
vn 0.2162 0.9593 0.1819
vn 0.1825 0.9825 0.0374
vn 0.5776 0.8098 0.1034
vn 0.6247 0.7791 0.0527
vn 0.6498 0.7596 -0.0281
vn 0.6500 0.7496 -0.1246
vn 0.6248 0.7487 -0.2215
vn 0.5696 0.7455 -0.3461
vn 0.4887 0.7485 -0.4483
vn 0.3889 0.7783 -0.4930
vn 0.2843 0.8286 -0.4824
vn 0.2148 0.8649 -0.4537
vn 0.1778 0.8874 -0.4254
vn 0.1396 0.9198 -0.3668
vn 0.0982 0.9575 -0.2712
vn 0.0528 0.9898 -0.1322
vn 0.0144 0.9994 0.0314
vn 0.0279 0.9672 0.2526
vn 0.1796 0.8677 0.4636
vn 0.3684 0.7490 0.5507
vn 0.5192 0.7166 0.4658
vn 0.6384 0.7245 0.2599
vn 0.6916 0.7200 0.0571
vn 0.6786 0.7269 -0.1054
vn 0.6319 0.7678 -0.1057
vn 0.5665 0.8174 0.1048
vn 0.5193 0.7976 0.3070
vn 0.5457 0.8008 0.2469
vn 0.5533 0.8224 0.1323
vn 0.5329 0.8461 -0.0133
vn 0.5988 0.7812 0.1766
vn 0.6429 0.7587 0.1052
vn 0.6692 0.7431 -0.0010
vn 0.6704 0.7311 -0.1271
vn 0.6432 0.7231 -0.2519
vn 0.5888 0.7104 -0.3856
vn 0.5109 0.6957 -0.5050
vn 0.4232 0.7086 -0.5647
vn 0.3272 0.7591 -0.5628
vn 0.2388 0.8313 -0.5019
vn 0.1823 0.8702 -0.4577
vn 0.1482 0.9031 -0.4030
vn 0.1118 0.9435 -0.3120
vn 0.0718 0.9815 -0.1774
vn 0.0284 0.9996 -0.0050
vn 0.0033 0.9918 0.1281
vn 0.0002 0.9818 0.1898
vn 0.0611 0.9407 0.3338
vn 0.1813 0.7722 0.6089
vn 0.3013 0.6840 0.6644
vn 0.4319 0.6948 0.5750
vn 0.5739 0.7326 0.3659
vn 0.6535 0.7530 0.0773
vn 0.6403 0.7515 -0.1587
vn 0.6170 0.7670 -0.1763
vn 0.6045 0.7957 0.0365
vn 0.5808 0.7431 0.3323
vn 0.6303 0.7312 0.2610
vn 0.6732 0.7297 0.1197
vn 0.6814 0.7309 -0.0382
vn 0.5679 0.7863 0.2433
vn 0.6120 0.7750 0.1578
vn 0.6426 0.7657 0.0281
vn 0.6465 0.7515 -0.1312
vn 0.6163 0.7326 -0.2889
vn 0.5598 0.7081 -0.4304
vn 0.4811 0.6739 -0.5607
vn 0.4019 0.6674 -0.6270
vn 0.3244 0.7014 -0.6347
vn 0.2437 0.7816 -0.5742
vn 0.1805 0.8534 -0.4890
vn 0.1475 0.8882 -0.4351
vn 0.1160 0.9303 -0.3480
vn 0.0815 0.9727 -0.2174
vn 0.0435 0.9979 -0.0470
vn 0.0120 0.9934 0.1138
vn 0.0006 0.9818 0.1897
vn 0.0279 0.9117 0.4100
vn 0.0717 0.7300 0.6797
vn 0.1157 0.6647 0.7381
vn 0.1847 0.7105 0.6790
vn 0.2958 0.8043 0.5154
vn 0.4087 0.9051 0.1171
vn 0.4322 0.8816 -0.1895
vn 0.4577 0.8655 -0.2036
vn 0.5150 0.8544 0.0688
vn 0.5307 0.7443 0.4054
vn 0.5957 0.7362 0.3211
vn 0.6465 0.7480 0.1500
vn 0.6605 0.7494 -0.0464
vn 0.4887 0.8184 0.3025
vn 0.5279 0.8230 0.2098
vn 0.5611 0.8255 0.0604
vn 0.5693 0.8108 -0.1360
vn 0.5367 0.7752 -0.3333
vn 0.4785 0.7323 -0.4845
vn 0.4044 0.6763 -0.6157
vn 0.3376 0.6490 -0.6818
vn 0.2790 0.6671 -0.6908
vn 0.2234 0.7356 -0.6395
vn 0.1755 0.8324 -0.5257
vn 0.1388 0.8754 -0.4631
vn 0.1120 0.9185 -0.3792
vn 0.0831 0.9641 -0.2520
vn 0.0510 0.9952 -0.0839
vn 0.0178 0.9961 0.0866
vn 0.0013 0.9819 0.1893
vn -0.0274 0.9120 0.4094
vn -0.0735 0.7307 0.6788
vn -0.1195 0.6649 0.7373
vn -0.1682 0.7028 0.6912
vn -0.1923 0.7968 0.5728
vn -0.1446 0.9651 0.2185
vn 0.0027 0.9928 -0.1198
vn 0.1697 0.9785 -0.1176
vn 0.3478 0.9100 0.2257
vn 0.4243 0.7526 0.5035
vn 0.5071 0.7701 0.3872
vn 0.5658 0.8026 0.1891
vn 0.5842 0.8100 -0.0516
vn 0.3626 0.8659 0.3445
vn 0.3819 0.8896 0.2504
vn 0.4022 0.9113 0.0884
vn 0.4088 0.9016 -0.1417
vn 0.3807 0.8427 -0.3807
vn 0.3344 0.7729 -0.5393
vn 0.2825 0.6937 -0.6626
vn 0.2391 0.6464 -0.7245
vn 0.2046 0.6510 -0.7310
vn 0.1755 0.7090 -0.6830
vn 0.1505 0.8127 -0.5628
vn 0.1232 0.8647 -0.4870
vn 0.1012 0.9085 -0.4055
vn 0.0777 0.9565 -0.2811
vn 0.0516 0.9920 -0.1151
vn 0.0232 0.9981 0.0564
vn 0.0050 0.9827 0.1852
vn -0.0597 0.9412 0.3325
vn -0.1809 0.7741 0.6067
vn -0.3022 0.6850 0.6629
vn -0.4193 0.6786 0.6030
vn -0.4859 0.7030 0.5193
vn -0.4905 0.8130 0.3137
vn -0.3646 0.9280 0.0768
vn -0.1196 0.9859 0.1172
vn 0.1618 0.8740 0.4581
vn 0.2869 0.7602 0.5829
vn 0.3531 0.8185 0.4531
vn 0.4108 0.8811 0.2344
vn 0.4336 0.8994 -0.0559
vn 0.2041 0.9122 0.3554
vn 0.1869 0.9475 0.2594
vn 0.1700 0.9812 0.0912
vn 0.1534 0.9762 -0.1534
vn 0.1417 0.9016 -0.4088
vn 0.1363 0.8100 -0.5704
vn 0.1278 0.7142 -0.6882
vn 0.1195 0.6529 -0.7479
vn 0.1145 0.6485 -0.7525
vn 0.1133 0.7000 -0.7051
vn 0.1142 0.8023 -0.5859
vn 0.1019 0.8562 -0.5065
vn 0.0847 0.9004 -0.4268
vn 0.0665 0.9502 -0.3046
vn 0.0463 0.9890 -0.1402
vn 0.0242 0.9992 0.0310
vn 0.0070 0.9844 0.1759
vn -0.0263 0.9674 0.2517
vn -0.1771 0.8696 0.4609
vn -0.3660 0.7515 0.5489
vn -0.5100 0.7016 0.4976
vn -0.5728 0.6673 0.4760
vn -0.5832 0.7144 0.3865
vn -0.4990 0.8192 0.2827
vn -0.2601 0.8829 0.3909
vn 0.0024 0.7792 0.6268
vn 0.1053 0.7720 0.6269
vn 0.1354 0.8555 0.4998
vn 0.1661 0.9478 0.2723
vn 0.1873 0.9810 -0.0509
vn 0.0429 0.9437 0.3281
vn -0.0100 0.9738 0.2273
vn -0.0596 0.9964 0.0596
vn -0.0912 0.9812 -0.1700
vn -0.0884 0.9113 -0.4022
vn -0.0608 0.8247 -0.5622
vn -0.0286 0.7280 -0.6850
vn -0.0013 0.6637 -0.7480
vn 0.0239 0.6569 -0.7536
vn 0.0511 0.7066 -0.7058
vn 0.0756 0.8029 -0.5913
vn 0.0760 0.8500 -0.5213
vn 0.0637 0.8943 -0.4429
vn 0.0507 0.9453 -0.3223
vn 0.0364 0.9866 -0.1591
vn 0.0206 0.9997 0.0116
vn 0.0067 0.9863 0.1650
vn 0.0011 0.9742 0.2256
vn -0.0627 0.9518 0.3001
vn -0.2477 0.8843 0.3958
vn -0.4398 0.8073 0.3936
vn -0.5230 0.7229 0.4515
vn -0.5330 0.7109 0.4589
vn -0.4506 0.7631 0.4632
vn -0.2372 0.7672 0.5959
vn -0.0998 0.7251 0.6813
vn -0.0961 0.7686 0.6324
vn -0.1067 0.8543 0.5087
vn -0.1120 0.9517 0.2858
vn -0.1025 0.9941 -0.0344
vn -0.0929 0.9587 0.2690
vn -0.1661 0.9720 0.1661
vn -0.2273 0.9738 0.0100
vn -0.2594 0.9475 -0.1869
vn -0.2504 0.8896 -0.3819
vn -0.2109 0.8211 -0.5303
vn -0.1559 0.7351 -0.6598
vn -0.1028 0.6784 -0.7275
vn -0.0518 0.6755 -0.7355
vn 0.0027 0.7283 -0.6853
vn 0.0428 0.8094 -0.5857
vn 0.0469 0.8458 -0.5314
vn 0.0395 0.8902 -0.4538
vn 0.0317 0.9420 -0.3342
vn 0.0232 0.9849 -0.1718
vn 0.0137 0.9999 -0.0013
vn 0.0048 0.9878 0.1557
vn 0.0007 0.9742 0.2255
vn 0.0006 0.9705 0.2410
vn -0.0270 0.9647 0.2620
vn -0.1259 0.9516 0.2803
vn -0.2466 0.8709 0.4250
vn -0.2875 0.7932 0.5368
vn -0.2497 0.7665 0.5917
vn -0.2134 0.7184 0.6621
vn -0.2381 0.7117 0.6609
vn -0.2814 0.7476 0.6016
vn -0.3263 0.8143 0.4799
vn -0.3630 0.8908 0.2732
vn -0.3710 0.9285 -0.0173
vn -0.1901 0.9632 0.1901
vn -0.2690 0.9587 0.0929
vn -0.3281 0.9437 -0.0429
vn -0.3554 0.9122 -0.2041
vn -0.3445 0.8659 -0.3626
vn -0.3040 0.8143 -0.4945
vn -0.2396 0.7432 -0.6247
vn -0.1708 0.7001 -0.6933
vn -0.0991 0.7063 -0.7010
vn -0.0236 0.7627 -0.6463
vn 0.0173 0.8130 -0.5820
vn 0.0159 0.8438 -0.5365
vn 0.0134 0.8882 -0.4592
vn 0.0108 0.9403 -0.3401
vn 0.0079 0.9840 -0.1782
vn 0.0048 1.0000 -0.0078
vn 0.0017 0.9886 0.1504
vn 0.0003 0.9743 0.2254
vn 0.0002 0.9705 0.2410
vn 0.0002 0.9717 0.2362
vn -0.0012 0.9772 0.2124
vn -0.0527 0.9397 0.3378
vn -0.1446 0.8445 0.5157
vn -0.2282 0.7779 0.5855
vn -0.2967 0.7261 0.6203
vn -0.3607 0.7080 0.6071
vn -0.4260 0.7225 0.5445
vn -0.4910 0.7602 0.4255
vn -0.5448 0.8037 0.2392
vn -0.5658 0.8245 -0.0082
vn -0.4504 0.8504 -0.2720
vn -0.3240 0.7331 -0.5980
vn -0.1676 0.7215 -0.6718
vn 0.3091 0.9235 -0.2271
vn 0.6894 0.7186 -0.0914
vn 0.7407 0.6162 -0.2677
vn 0.7158 0.6898 -0.1083
vn 0.5080 0.8579 0.0772
vn 0.2102 0.7485 0.6289
vn 0.2211 0.8368 0.5009
vn 0.3241 0.9460 -0.0057
vn 0.2735 0.7172 -0.6409
vn 0.1811 0.5399 -0.8220
vn 0.3725 0.8947 -0.2467
vn 0.3124 0.8656 0.3913
vn 0.2580 0.8925 0.3700
vn 0.3292 0.9314 -0.1551
vn 0.3009 0.9375 -0.1748
vn 0.2263 0.8627 -0.4523
vn 0.1666 0.7715 -0.6140
vn 0.1241 0.7256 -0.6768
vn 0.0877 0.7157 -0.6929
vn 0.0908 0.9071 -0.4110
vn 0.0949 0.9035 0.4180
vn 0.0848 0.6706 0.7369
vn 0.1092 0.6412 0.7595
vn 0.1458 0.6739 0.7243
vn 0.2024 0.7730 0.6012
vn 0.2812 0.9183 0.2787
vn 0.2970 0.9180 -0.2627
vt 0.967742 0.967742
vt 1.000000 0.967742
vt 1.000000 1.000000
vt 0.967742 1.000000
vt 0.000000 0.967742
vt 0.032258 0.967742
vt 0.032258 1.000000
vt 0.000000 1.000000
vt 0.064516 0.967742
vt 0.064516 1.000000
vt 0.096774 0.967742
vt 0.096774 1.000000
vt 0.129032 0.967742
vt 0.129032 1.000000
vt 0.161290 0.967742
vt 0.161290 1.000000
vt 0.193548 0.967742
vt 0.193548 1.000000
vt 0.225806 0.967742
vt 0.225806 1.000000
vt 0.258065 0.967742
vt 0.258065 1.000000
vt 0.290323 0.967742
vt 0.290323 1.000000
vt 0.322581 0.967742
vt 0.322581 1.000000
vt 0.354839 0.967742
vt 0.354839 1.000000
vt 0.387097 0.967742
vt 0.387097 1.000000
vt 0.419355 0.967742
vt 0.419355 1.000000
vt 0.451613 0.967742
vt 0.451613 1.000000
vt 0.483871 0.967742
vt 0.483871 1.000000
vt 0.516129 0.967742
vt 0.516129 1.000000
vt 0.548387 0.967742
vt 0.548387 1.000000
vt 0.580645 0.967742
vt 0.580645 1.000000
vt 0.612903 0.967742
vt 0.612903 1.000000
vt 0.645161 0.967742
vt 0.645161 1.000000
vt 0.677419 0.967742
vt 0.677419 1.000000
vt 0.709677 0.967742
vt 0.709677 1.000000
vt 0.741935 0.967742
vt 0.741935 1.000000
vt 0.774194 0.967742
vt 0.774194 1.000000
vt 0.806452 0.967742
vt 0.806452 1.000000
vt 0.838710 0.967742
vt 0.838710 1.000000
vt 0.870968 0.967742
vt 0.870968 1.000000
vt 0.903226 0.967742
vt 0.903226 1.000000
vt 0.935484 0.967742
vt 0.935484 1.000000
vt 0.935484 0.000000
vt 0.967742 0.000000
vt 0.967742 0.032258
vt 0.935484 0.032258
vt 0.967742 0.064516
vt 0.935484 0.064516
vt 0.967742 0.096774
vt 0.935484 0.096774
vt 0.967742 0.129032
vt 0.935484 0.129032
vt 0.967742 0.161290
vt 0.935484 0.161290
vt 0.967742 0.193548
vt 0.935484 0.193548
vt 0.967742 0.225806
vt 0.935484 0.225806
vt 0.967742 0.258065
vt 0.935484 0.258065
vt 0.967742 0.290323
vt 0.935484 0.290323
vt 0.967742 0.322581
vt 0.935484 0.322581
vt 0.967742 0.354839
vt 0.935484 0.354839
vt 0.967742 0.387097
vt 0.935484 0.387097
vt 0.967742 0.419355
vt 0.935484 0.419355
vt 0.967742 0.451613
vt 0.935484 0.451613
vt 0.967742 0.483871
vt 0.935484 0.483871
vt 0.967742 0.516129
vt 0.935484 0.516129
vt 0.967742 0.548387
vt 0.935484 0.548387
vt 0.967742 0.580645
vt 0.935484 0.580645
vt 0.967742 0.612903
vt 0.935484 0.612903
vt 0.967742 0.645161
vt 0.935484 0.645161
vt 0.967742 0.677419
vt 0.935484 0.677419
vt 0.967742 0.709677
vt 0.935484 0.709677
vt 0.967742 0.741935
vt 0.935484 0.741935
vt 0.967742 0.774194
vt 0.935484 0.774194
vt 0.967742 0.806452
vt 0.935484 0.806452
vt 0.967742 0.838710
vt 0.935484 0.838710
vt 0.967742 0.870968
vt 0.935484 0.870968
vt 0.967742 0.903226
vt 0.935484 0.903226
vt 0.967742 0.935484
vt 0.935484 0.935484
vt 0.903226 0.000000
vt 0.903226 0.032258
vt 0.903226 0.064516
vt 0.903226 0.096774
vt 0.903226 0.129032
vt 0.903226 0.161290
vt 0.903226 0.193548
vt 0.903226 0.225806
vt 0.903226 0.258065
vt 0.903226 0.290323
vt 0.903226 0.322581
vt 0.903226 0.354839
vt 0.903226 0.387097
vt 0.903226 0.419355
vt 0.903226 0.451613
vt 0.903226 0.483871
vt 0.903226 0.516129
vt 0.903226 0.548387
vt 0.903226 0.580645
vt 0.903226 0.612903
vt 0.903226 0.645161
vt 0.903226 0.677419
vt 0.903226 0.709677
vt 0.903226 0.741935
vt 0.903226 0.774194
vt 0.903226 0.806452
vt 0.903226 0.838710
vt 0.903226 0.870968
vt 0.903226 0.903226
vt 0.903226 0.935484
vt 0.870968 0.000000
vt 0.870968 0.032258
vt 0.870968 0.064516
vt 0.870968 0.096774
vt 0.870968 0.129032
vt 0.870968 0.161290
vt 0.870968 0.193548
vt 0.870968 0.225806
vt 0.870968 0.258065
vt 0.870968 0.290323
vt 0.870968 0.322581
vt 0.870968 0.354839
vt 0.870968 0.387097
vt 0.870968 0.419355
vt 0.870968 0.451613
vt 0.870968 0.483871
vt 0.870968 0.516129
vt 0.870968 0.548387
vt 0.870968 0.580645
vt 0.870968 0.612903
vt 0.870968 0.645161
vt 0.870968 0.677419
vt 0.870968 0.709677
vt 0.870968 0.741935
vt 0.870968 0.774194
vt 0.870968 0.806452
vt 0.870968 0.838710
vt 0.870968 0.870968
vt 0.870968 0.903226
vt 0.870968 0.935484
vt 0.838710 0.000000
vt 0.838710 0.032258
vt 0.838710 0.064516
vt 0.838710 0.096774
vt 0.838710 0.129032
vt 0.838710 0.161290
vt 0.838710 0.193548
vt 0.838710 0.225806
vt 0.838710 0.258065
vt 0.838710 0.290323
vt 0.838710 0.322581
vt 0.838710 0.354839
vt 0.838710 0.387097
vt 0.838710 0.419355
vt 0.838710 0.451613
vt 0.838710 0.483871
vt 0.838710 0.516129
vt 0.838710 0.548387
vt 0.838710 0.580645
vt 0.838710 0.612903
vt 0.838710 0.645161
vt 0.838710 0.677419
vt 0.838710 0.709677
vt 0.838710 0.741935
vt 0.838710 0.774194
vt 0.838710 0.806452
vt 0.838710 0.838710
vt 0.838710 0.870968
vt 0.838710 0.903226
vt 0.838710 0.935484
vt 0.806452 0.000000
vt 0.806452 0.032258
vt 0.806452 0.064516
vt 0.806452 0.096774
vt 0.806452 0.129032
vt 0.806452 0.161290
vt 0.806452 0.193548
vt 0.806452 0.225806
vt 0.806452 0.258065
vt 0.806452 0.290323
vt 0.806452 0.322581
vt 0.806452 0.354839
vt 0.806452 0.387097
vt 0.806452 0.419355
vt 0.806452 0.451613
vt 0.806452 0.483871
vt 0.806452 0.516129
vt 0.806452 0.548387
vt 0.806452 0.580645
vt 0.806452 0.612903
vt 0.806452 0.645161
vt 0.806452 0.677419
vt 0.806451 0.709677
vt 0.806452 0.741935
vt 0.806452 0.774194
vt 0.806452 0.806452
vt 0.806452 0.838710
vt 0.806452 0.870968
vt 0.806452 0.903226
vt 0.806452 0.935484
vt 0.774194 0.000000
vt 0.774194 0.032258
vt 0.774193 0.064516
vt 0.774193 0.096774
vt 0.774193 0.129032
vt 0.774193 0.161290
vt 0.774193 0.193548
vt 0.774193 0.225806
vt 0.774193 0.258065
vt 0.774193 0.290323
vt 0.774193 0.322581
vt 0.774193 0.354839
vt 0.774193 0.387097
vt 0.774193 0.419355
vt 0.774193 0.451613
vt 0.774193 0.483871
vt 0.774193 0.516129
vt 0.774193 0.548387
vt 0.774193 0.580645
vt 0.774193 0.612903
vt 0.774193 0.645161
vt 0.774193 0.677419
vt 0.774193 0.709677
vt 0.774193 0.741935
vt 0.774193 0.774194
vt 0.774193 0.806452
vt 0.774193 0.838710
vt 0.774194 0.870968
vt 0.774194 0.903226
vt 0.774193 0.935484
vt 0.741935 0.000000
vt 0.741936 0.032258
vt 0.741935 0.064516
vt 0.741935 0.096774
vt 0.741936 0.129032
vt 0.741936 0.161290
vt 0.741936 0.193548
vt 0.741935 0.225806
vt 0.741935 0.258065
vt 0.741935 0.290323
vt 0.741935 0.322581
vt 0.741935 0.354839
vt 0.741935 0.387097
vt 0.741935 0.419355
vt 0.741935 0.451613
vt 0.741935 0.483871
vt 0.741935 0.516129
vt 0.741935 0.548387
vt 0.741935 0.580645
vt 0.741935 0.612903
vt 0.741935 0.645161
vt 0.741935 0.677419
vt 0.741935 0.709677
vt 0.741935 0.741935
vt 0.741935 0.774194
vt 0.741935 0.806452
vt 0.741935 0.838710
vt 0.741935 0.870968
vt 0.741935 0.903226
vt 0.741935 0.935484
vt 0.709677 0.000000
vt 0.709677 0.032258
vt 0.709677 0.064516
vt 0.709677 0.096774
vt 0.709677 0.129032
vt 0.709677 0.161290
vt 0.709677 0.193548
vt 0.709677 0.225806
vt 0.709677 0.258065
vt 0.709677 0.290323
vt 0.709677 0.322581
vt 0.709677 0.354839
vt 0.709677 0.387097
vt 0.709677 0.419355
vt 0.709677 0.451613
vt 0.709677 0.483871
vt 0.709677 0.516129
vt 0.709677 0.548387
vt 0.709677 0.580645
vt 0.709677 0.612903
vt 0.709677 0.645161
vt 0.709677 0.677419
vt 0.709677 0.709677
vt 0.709677 0.741935
vt 0.709677 0.774194
vt 0.709677 0.806452
vt 0.709677 0.838710
vt 0.709677 0.870968
vt 0.709677 0.903226
vt 0.709677 0.935484
vt 0.677419 0.000000
vt 0.677419 0.032258
vt 0.677419 0.064516
vt 0.677419 0.096774
vt 0.677419 0.129032
vt 0.677419 0.161290
vt 0.677419 0.193548
vt 0.677419 0.225806
vt 0.677419 0.258065
vt 0.677419 0.290323
vt 0.677419 0.322581
vt 0.677419 0.354839
vt 0.677419 0.387097
vt 0.677419 0.419355
vt 0.677419 0.451613
vt 0.677419 0.483871
vt 0.677419 0.516129
vt 0.677419 0.548387
vt 0.677419 0.580645
vt 0.677419 0.612903
vt 0.677419 0.645161
vt 0.677419 0.677419
vt 0.677419 0.709677
vt 0.677419 0.741935
vt 0.677419 0.774194
vt 0.677419 0.806452
vt 0.677419 0.838710
vt 0.677419 0.870968
vt 0.677419 0.903226
vt 0.677419 0.935484
vt 0.645161 0.000000
vt 0.645161 0.032258
vt 0.645161 0.064516
vt 0.645161 0.096774
vt 0.645161 0.129032
vt 0.645161 0.161290
vt 0.645161 0.193548
vt 0.645161 0.225806
vt 0.645161 0.258065
vt 0.645161 0.290323
vt 0.645161 0.322581
vt 0.645161 0.354839
vt 0.645161 0.387097
vt 0.645161 0.419355
vt 0.645161 0.451613
vt 0.645161 0.483871
vt 0.645161 0.516129
vt 0.645161 0.548387
vt 0.645161 0.580645
vt 0.645161 0.612903
vt 0.645161 0.645161
vt 0.645161 0.677419
vt 0.645161 0.709677
vt 0.645161 0.741935
vt 0.645161 0.774194
vt 0.645161 0.806452
vt 0.645161 0.838710
vt 0.645161 0.870968
vt 0.645161 0.903226
vt 0.645161 0.935484
vt 0.612903 0.000000
vt 0.612903 0.032258
vt 0.612903 0.064516
vt 0.612903 0.096774
vt 0.612903 0.129032
vt 0.612903 0.161290
vt 0.612903 0.193548
vt 0.612903 0.225806
vt 0.612903 0.258065
vt 0.612903 0.290323
vt 0.612903 0.322581
vt 0.612903 0.354839
vt 0.612903 0.387097
vt 0.612903 0.419355
vt 0.612903 0.451613
vt 0.612903 0.483871
vt 0.612903 0.516129
vt 0.612903 0.548387
vt 0.612903 0.580645
vt 0.612903 0.612903
vt 0.612903 0.645161
vt 0.612903 0.677419
vt 0.612903 0.709677
vt 0.612903 0.741935
vt 0.612903 0.774194
vt 0.612903 0.806452
vt 0.612903 0.838710
vt 0.612903 0.870968
vt 0.612903 0.903226
vt 0.612903 0.935484
vt 0.580645 0.000000
vt 0.580645 0.032258
vt 0.580645 0.064516
vt 0.580645 0.096774
vt 0.580645 0.129032
vt 0.580645 0.161290
vt 0.580645 0.193548
vt 0.580645 0.225806
vt 0.580645 0.258065
vt 0.580645 0.290323
vt 0.580645 0.322581
vt 0.580645 0.354839
vt 0.580645 0.387097
vt 0.580645 0.419355
vt 0.580645 0.451613
vt 0.580645 0.483871
vt 0.580645 0.516129
vt 0.580645 0.548387
vt 0.580645 0.580645
vt 0.580645 0.612903
vt 0.580645 0.645161
vt 0.580645 0.677419
vt 0.580645 0.709677
vt 0.580645 0.741935
vt 0.580645 0.774194
vt 0.580645 0.806452
vt 0.580645 0.838710
vt 0.580645 0.870968
vt 0.580645 0.903226
vt 0.580645 0.935484
vt 0.548387 0.000000
vt 0.548387 0.032258
vt 0.548387 0.064516
vt 0.548387 0.096774
vt 0.548387 0.129032
vt 0.548387 0.161290
vt 0.548387 0.193548
vt 0.548387 0.225806
vt 0.548387 0.258065
vt 0.548387 0.290323
vt 0.548387 0.322581
vt 0.548387 0.354839
vt 0.548387 0.387097
vt 0.548387 0.419355
vt 0.548387 0.451613
vt 0.548387 0.483871
vt 0.548387 0.516129
vt 0.548387 0.548387
vt 0.548387 0.580645
vt 0.548387 0.612903
vt 0.548387 0.645161
vt 0.548387 0.677419
vt 0.548387 0.709677
vt 0.548387 0.741936
vt 0.548387 0.774194
vt 0.548387 0.806452
vt 0.548387 0.838710
vt 0.548387 0.870968
vt 0.548387 0.903226
vt 0.548387 0.935484
vt 0.516129 0.000000
vt 0.516129 0.032258
vt 0.516129 0.064516
vt 0.516129 0.096774
vt 0.516129 0.129032
vt 0.516129 0.161290
vt 0.516129 0.193548
vt 0.516129 0.225806
vt 0.516129 0.258065
vt 0.516129 0.290323
vt 0.516129 0.322581
vt 0.516129 0.354839
vt 0.516129 0.387097
vt 0.516129 0.419355
vt 0.516129 0.451613
vt 0.516129 0.483871
vt 0.516129 0.516129
vt 0.516129 0.548387
vt 0.516129 0.580645
vt 0.516129 0.612903
vt 0.516129 0.645161
vt 0.516129 0.677419
vt 0.516129 0.709677
vt 0.516129 0.741935
vt 0.516129 0.774194
vt 0.516129 0.806452
vt 0.516129 0.838710
vt 0.516129 0.870968
vt 0.516129 0.903226
vt 0.516129 0.935484
vt 0.483871 0.000000
vt 0.483871 0.032258
vt 0.483871 0.064516
vt 0.483871 0.096774
vt 0.483871 0.129032
vt 0.483871 0.161290
vt 0.483871 0.193548
vt 0.483871 0.225806
vt 0.483871 0.258065
vt 0.483871 0.290323
vt 0.483871 0.322581
vt 0.483871 0.354839
vt 0.483871 0.387097
vt 0.483871 0.419355
vt 0.483871 0.451613
vt 0.483871 0.483871
vt 0.483871 0.516129
vt 0.483871 0.548387
vt 0.483871 0.580645
vt 0.483871 0.612903
vt 0.483871 0.645161
vt 0.483871 0.677419
vt 0.483871 0.709677
vt 0.483871 0.741935
vt 0.483871 0.774194
vt 0.483871 0.806452
vt 0.483871 0.838710
vt 0.483871 0.870968
vt 0.483871 0.903226
vt 0.483871 0.935484
vt 0.451613 0.000000
vt 0.451613 0.032258
vt 0.451613 0.064516
vt 0.451613 0.096774
vt 0.451613 0.129032
vt 0.451613 0.161290
vt 0.451613 0.193548
vt 0.451613 0.225806
vt 0.451613 0.258065
vt 0.451613 0.290323
vt 0.451613 0.322581
vt 0.451613 0.354839
vt 0.451613 0.387097
vt 0.451613 0.419355
vt 0.451613 0.451613
vt 0.451613 0.483871
vt 0.451613 0.516129
vt 0.451613 0.548387
vt 0.451613 0.580645
vt 0.451613 0.612903
vt 0.451613 0.645161
vt 0.451613 0.677419
vt 0.451613 0.709677
vt 0.451613 0.741936
vt 0.451613 0.774194
vt 0.451613 0.806452
vt 0.451613 0.838710
vt 0.451613 0.870968
vt 0.451613 0.903226
vt 0.451613 0.935484
vt 0.419355 0.000000
vt 0.419355 0.032258
vt 0.419355 0.064516
vt 0.419355 0.096774
vt 0.419355 0.129032
vt 0.419355 0.161290
vt 0.419355 0.193548
vt 0.419355 0.225806
vt 0.419355 0.258065
vt 0.419355 0.290323
vt 0.419355 0.322581
vt 0.419355 0.354839
vt 0.419355 0.387097
vt 0.419355 0.419355
vt 0.419355 0.451613
vt 0.419355 0.483871
vt 0.419355 0.516129
vt 0.419355 0.548387
vt 0.419355 0.580645
vt 0.419355 0.612903
vt 0.419355 0.645161
vt 0.419355 0.677419
vt 0.419355 0.709677
vt 0.419355 0.741935
vt 0.419355 0.774194
vt 0.419355 0.806452
vt 0.419355 0.838710
vt 0.419355 0.870968
vt 0.419355 0.903226
vt 0.419355 0.935484
vt 0.387097 0.000000
vt 0.387097 0.032258
vt 0.387097 0.064516
vt 0.387097 0.096774
vt 0.387097 0.129032
vt 0.387097 0.161290
vt 0.387097 0.193548
vt 0.387097 0.225806
vt 0.387097 0.258065
vt 0.387097 0.290323
vt 0.387097 0.322581
vt 0.387097 0.354839
vt 0.387097 0.387097
vt 0.387097 0.419355
vt 0.387097 0.451613
vt 0.387097 0.483871
vt 0.387097 0.516129
vt 0.387097 0.548387
vt 0.387097 0.580645
vt 0.387097 0.612903
vt 0.387097 0.645161
vt 0.387097 0.677419
vt 0.387097 0.709677
vt 0.387097 0.741935
vt 0.387097 0.774194
vt 0.387097 0.806452
vt 0.387097 0.838710
vt 0.387097 0.870968
vt 0.387097 0.903226
vt 0.387097 0.935484
vt 0.354839 0.000000
vt 0.354839 0.032258
vt 0.354839 0.064516
vt 0.354839 0.096774
vt 0.354839 0.129032
vt 0.354839 0.161290
vt 0.354839 0.193548
vt 0.354839 0.225806
vt 0.354839 0.258065
vt 0.354839 0.290323
vt 0.354839 0.322581
vt 0.354839 0.354839
vt 0.354839 0.387097
vt 0.354839 0.419355
vt 0.354839 0.451613
vt 0.354839 0.483871
vt 0.354839 0.516129
vt 0.354839 0.548387
vt 0.354839 0.580645
vt 0.354839 0.612903
vt 0.354839 0.645161
vt 0.354839 0.677419
vt 0.354839 0.709677
vt 0.354839 0.741935
vt 0.354839 0.774194
vt 0.354839 0.806452
vt 0.354839 0.838710
vt 0.354839 0.870968
vt 0.354839 0.903226
vt 0.354839 0.935484
vt 0.322581 0.000000
vt 0.322581 0.032258
vt 0.322581 0.064516
vt 0.322581 0.096774
vt 0.322581 0.129032
vt 0.322581 0.161290
vt 0.322581 0.193548
vt 0.322581 0.225806
vt 0.322581 0.258065
vt 0.322581 0.290323
vt 0.322581 0.322581
vt 0.322581 0.354839
vt 0.322581 0.387097
vt 0.322581 0.419355
vt 0.322581 0.451613
vt 0.322581 0.483871
vt 0.322581 0.516129
vt 0.322581 0.548387
vt 0.322581 0.580645
vt 0.322581 0.612903
vt 0.322581 0.645161
vt 0.322581 0.677419
vt 0.322581 0.709677
vt 0.322581 0.741935
vt 0.322581 0.774194
vt 0.322581 0.806452
vt 0.322581 0.838710
vt 0.322581 0.870968
vt 0.322581 0.903226
vt 0.322581 0.935484
vt 0.290323 0.000000
vt 0.290323 0.032258
vt 0.290323 0.064516
vt 0.290323 0.096774
vt 0.290323 0.129032
vt 0.290323 0.161290
vt 0.290323 0.193548
vt 0.290323 0.225806
vt 0.290323 0.258065
vt 0.290323 0.290323
vt 0.290323 0.322581
vt 0.290323 0.354839
vt 0.290323 0.387097
vt 0.290323 0.419355
vt 0.290322 0.451613
vt 0.290322 0.483871
vt 0.290323 0.516129
vt 0.290323 0.548387
vt 0.290323 0.580645
vt 0.290323 0.612903
vt 0.290323 0.645161
vt 0.290323 0.677419
vt 0.290323 0.709677
vt 0.290323 0.741935
vt 0.290323 0.774194
vt 0.290323 0.806452
vt 0.290323 0.838710
vt 0.290323 0.870968
vt 0.290323 0.903226
vt 0.290323 0.935484
vt 0.258065 0.000000
vt 0.258065 0.032258
vt 0.258065 0.064516
vt 0.258065 0.096774
vt 0.258065 0.129032
vt 0.258065 0.161290
vt 0.258065 0.193548
vt 0.258065 0.225806
vt 0.258065 0.258065
vt 0.258065 0.290323
vt 0.258065 0.322581
vt 0.258065 0.354839
vt 0.258065 0.387097
vt 0.258065 0.419355
vt 0.258065 0.451613
vt 0.258065 0.483871
vt 0.258065 0.516129
vt 0.258065 0.548387
vt 0.258065 0.580645
vt 0.258065 0.612903
vt 0.258065 0.645161
vt 0.258065 0.677419
vt 0.258065 0.709677
vt 0.258065 0.741935
vt 0.258065 0.774194
vt 0.258065 0.806452
vt 0.258065 0.838710
vt 0.258065 0.870968
vt 0.258065 0.903226
vt 0.258065 0.935484
vt 0.225806 0.000000
vt 0.225806 0.032258
vt 0.225806 0.064516
vt 0.225806 0.096774
vt 0.225806 0.129032
vt 0.225806 0.161290
vt 0.225806 0.193548
vt 0.225806 0.225806
vt 0.225806 0.258065
vt 0.225806 0.290323
vt 0.225806 0.322581
vt 0.225806 0.354839
vt 0.225806 0.387097
vt 0.225806 0.419355
vt 0.225806 0.451613
vt 0.225806 0.483871
vt 0.225806 0.516129
vt 0.225806 0.548387
vt 0.225806 0.580645
vt 0.225806 0.612903
vt 0.225806 0.645161
vt 0.225806 0.677419
vt 0.225806 0.709677
vt 0.225806 0.741935
vt 0.225806 0.774194
vt 0.225806 0.806452
vt 0.225806 0.838710
vt 0.225806 0.870968
vt 0.225806 0.903226
vt 0.225806 0.935484
vt 0.193548 0.000000
vt 0.193548 0.032258
vt 0.193548 0.064516
vt 0.193548 0.096774
vt 0.193548 0.129032
vt 0.193548 0.161290
vt 0.193548 0.193548
vt 0.193548 0.225806
vt 0.193548 0.258065
vt 0.193548 0.290323
vt 0.193548 0.322581
vt 0.193548 0.354839
vt 0.193548 0.387097
vt 0.193548 0.419355
vt 0.193548 0.451613
vt 0.193548 0.483871
vt 0.193548 0.516129
vt 0.193548 0.548387
vt 0.193548 0.580645
vt 0.193548 0.612903
vt 0.193548 0.645161
vt 0.193548 0.677419
vt 0.193548 0.709677
vt 0.193548 0.741935
vt 0.193548 0.774194
vt 0.193548 0.806452
vt 0.193548 0.838710
vt 0.193548 0.870968
vt 0.193548 0.903226
vt 0.193548 0.935484
vt 0.161290 0.000000
vt 0.161290 0.032258
vt 0.161290 0.064516
vt 0.161290 0.096774
vt 0.161290 0.129032
vt 0.161290 0.161290
vt 0.161290 0.193548
vt 0.161290 0.225806
vt 0.161290 0.258065
vt 0.161290 0.290323
vt 0.161290 0.322581
vt 0.161290 0.354839
vt 0.161290 0.387097
vt 0.161290 0.419355
vt 0.161290 0.451613
vt 0.161290 0.483871
vt 0.161290 0.516129
vt 0.161290 0.548387
vt 0.161290 0.580645
vt 0.161290 0.612903
vt 0.161290 0.645161
vt 0.161290 0.677419
vt 0.161290 0.709677
vt 0.161290 0.741935
vt 0.161290 0.774194
vt 0.161290 0.806452
vt 0.161290 0.838710
vt 0.161290 0.870968
vt 0.161290 0.903226
vt 0.161290 0.935484
vt 0.129032 0.000000
vt 0.129032 0.032258
vt 0.129032 0.064516
vt 0.129032 0.096774
vt 0.129032 0.129032
vt 0.129032 0.161290
vt 0.129032 0.193548
vt 0.129032 0.225806
vt 0.129032 0.258065
vt 0.129032 0.290323
vt 0.129032 0.322581
vt 0.129032 0.354839
vt 0.129032 0.387097
vt 0.129032 0.419355
vt 0.129032 0.451613
vt 0.129032 0.483871
vt 0.129032 0.516129
vt 0.129032 0.548387
vt 0.129032 0.580645
vt 0.129032 0.612903
vt 0.129032 0.645161
vt 0.129032 0.677419
vt 0.129032 0.709677
vt 0.129032 0.741935
vt 0.129032 0.774194
vt 0.129032 0.806452
vt 0.129032 0.838710
vt 0.129032 0.870968
vt 0.129032 0.903226
vt 0.129032 0.935484
vt 0.096774 0.000000
vt 0.096774 0.032258
vt 0.096774 0.064516
vt 0.096774 0.096774
vt 0.096774 0.129032
vt 0.096774 0.161290
vt 0.096774 0.193548
vt 0.096774 0.225806
vt 0.096774 0.258065
vt 0.096774 0.290323
vt 0.096774 0.322581
vt 0.096774 0.354839
vt 0.096774 0.387097
vt 0.096774 0.419355
vt 0.096774 0.451613
vt 0.096774 0.483871
vt 0.096774 0.516129
vt 0.096774 0.548387
vt 0.096774 0.580645
vt 0.096774 0.612903
vt 0.096774 0.645161
vt 0.096774 0.677419
vt 0.096774 0.709677
vt 0.096774 0.741935
vt 0.096774 0.774194
vt 0.096774 0.806452
vt 0.096774 0.838710
vt 0.096774 0.870968
vt 0.096774 0.903226
vt 0.096774 0.935484
vt 0.064516 0.000000
vt 0.064516 0.032258
vt 0.064516 0.064516
vt 0.064516 0.096774
vt 0.064516 0.129032
vt 0.064516 0.161290
vt 0.064516 0.193548
vt 0.064516 0.225806
vt 0.064516 0.258065
vt 0.064516 0.290323
vt 0.064516 0.322581
vt 0.064516 0.354839
vt 0.064516 0.387097
vt 0.064516 0.419355
vt 0.064516 0.451613
vt 0.064516 0.483871
vt 0.064516 0.516129
vt 0.064516 0.548387
vt 0.064516 0.580645
vt 0.064516 0.612903
vt 0.064516 0.645161
vt 0.064516 0.677419
vt 0.064516 0.709677
vt 0.064516 0.741935
vt 0.064516 0.774194
vt 0.064516 0.806452
vt 0.064516 0.838710
vt 0.064516 0.870968
vt 0.064516 0.903226
vt 0.064516 0.935484
vt 0.032258 0.000000
vt 0.032258 0.032258
vt 0.032258 0.064516
vt 0.032258 0.096774
vt 0.032258 0.129032
vt 0.032258 0.161290
vt 0.032258 0.193548
vt 0.032258 0.225806
vt 0.032258 0.258065
vt 0.032258 0.290323
vt 0.032258 0.322581
vt 0.032258 0.354839
vt 0.032258 0.387097
vt 0.032258 0.419355
vt 0.032258 0.451613
vt 0.032258 0.483871
vt 0.032258 0.516129
vt 0.032258 0.548387
vt 0.032258 0.580645
vt 0.032258 0.612903
vt 0.032258 0.645161
vt 0.032258 0.677419
vt 0.032258 0.709677
vt 0.032258 0.741936
vt 0.032258 0.774194
vt 0.032258 0.806452
vt 0.032258 0.838710
vt 0.032258 0.870968
vt 0.032258 0.903226
vt 0.032258 0.935484
vt 0.000000 0.000000
vt 0.000000 0.032258
vt 0.000000 0.064516
vt 0.000000 0.096774
vt 0.000000 0.129032
vt 0.000000 0.161290
vt 0.000000 0.193548
vt 0.000000 0.225806
vt 0.000000 0.258065
vt 0.000000 0.290323
vt 0.000000 0.322581
vt 0.000000 0.354839
vt 0.000000 0.387097
vt 0.000000 0.419355
vt 0.000000 0.451613
vt 0.000000 0.483871
vt 0.000000 0.516129
vt 0.000000 0.548387
vt 0.000000 0.580645
vt 0.000000 0.612903
vt 0.000000 0.645161
vt 0.000000 0.677419
vt 0.000000 0.709677
vt 0.000000 0.741935
vt 0.000000 0.774194
vt 0.000000 0.806452
vt 0.000000 0.838710
vt 0.000000 0.870968
vt 0.000000 0.903226
vt 0.000000 0.935484
vt 1.000000 0.000000
vt 1.000000 0.032258
vt 1.000000 0.064516
vt 1.000000 0.096774
vt 1.000000 0.129032
vt 1.000000 0.161290
vt 1.000000 0.193548
vt 1.000000 0.225806
vt 1.000000 0.258065
vt 1.000000 0.290323
vt 1.000000 0.322581
vt 1.000000 0.354839
vt 1.000000 0.387097
vt 1.000000 0.419355
vt 1.000000 0.451613
vt 1.000000 0.483871
vt 1.000000 0.516129
vt 1.000000 0.548387
vt 1.000000 0.580645
vt 1.000000 0.612903
vt 1.000000 0.645161
vt 1.000000 0.677419
vt 1.000000 0.709677
vt 1.000000 0.741935
vt 1.000000 0.774194
vt 1.000000 0.806452
vt 1.000000 0.838710
vt 1.000000 0.870968
vt 1.000000 0.903226
vt 1.000000 0.935484
s 0
usemtl マテリアル
f 1024/1/1 124/2/1 4/3/1 35/4/1
f 65/5/2 154/6/2 64/7/2 3/8/2
f 154/6/3 184/9/3 63/10/3 64/7/3
f 184/9/4 214/11/4 62/12/4 63/10/4
f 214/11/5 244/13/5 61/14/5 62/12/5
f 244/13/6 274/15/6 60/16/6 61/14/6
f 274/15/7 304/17/7 59/18/7 60/16/7
f 304/17/8 334/19/8 58/20/8 59/18/8
f 334/19/9 364/21/9 57/22/9 58/20/9
f 364/21/10 394/23/10 56/24/10 57/22/10
f 394/23/11 424/25/11 55/26/11 56/24/11
f 424/25/12 454/27/12 54/28/12 55/26/12
f 454/27/13 484/29/13 53/30/13 54/28/13
f 484/29/14 514/31/14 52/32/14 53/30/14
f 514/31/15 544/33/15 51/34/15 52/32/15
f 544/33/16 574/35/16 50/36/16 51/34/16
f 574/35/17 604/37/17 49/38/17 50/36/17
f 604/37/18 634/39/18 48/40/18 49/38/18
f 634/39/19 664/41/19 47/42/19 48/40/19
f 664/41/20 694/43/20 46/44/20 47/42/20
f 694/43/21 724/45/21 45/46/21 46/44/21
f 724/45/22 754/47/22 44/48/22 45/46/22
f 754/47/23 784/49/23 43/50/23 44/48/23
f 784/49/24 814/51/24 42/52/24 43/50/24
f 814/51/25 844/53/25 41/54/25 42/52/25
f 844/53/26 874/55/26 40/56/26 41/54/26
f 874/55/27 904/57/27 39/58/27 40/56/27
f 904/57/28 934/59/28 38/60/28 39/58/28
f 934/59/29 964/61/29 37/62/29 38/60/29
f 964/61/30 994/63/30 36/64/30 37/62/30
f 994/63/31 1024/1/31 35/4/31 36/64/31
f 33/65/32 34/66/32 995/67/32 965/68/32
f 965/68/33 995/67/33 996/69/33 966/70/33
f 966/70/34 996/69/34 997/71/34 967/72/34
f 967/72/35 997/71/35 998/73/35 968/74/35
f 968/74/36 998/73/36 999/75/36 969/76/36
f 969/76/37 999/75/37 1000/77/37 970/78/37
f 970/78/38 1000/77/38 1001/79/38 971/80/38
f 971/80/39 1001/79/39 1002/81/39 972/82/39
f 972/82/40 1002/81/40 1003/83/40 973/84/40
f 973/84/41 1003/83/41 1004/85/41 974/86/41
f 974/86/42 1004/85/42 1005/87/42 975/88/42
f 975/88/43 1005/87/43 1006/89/43 976/90/43
f 976/90/44 1006/89/44 1007/91/44 977/92/44
f 977/92/45 1007/91/45 1008/93/45 978/94/45
f 978/94/46 1008/93/46 1009/95/46 979/96/46
f 979/96/47 1009/95/47 1010/97/47 980/98/47
f 980/98/48 1010/97/48 1011/99/48 981/100/48
f 981/100/49 1011/99/49 1012/101/49 982/102/49
f 982/102/50 1012/101/50 1013/103/50 983/104/50
f 983/104/51 1013/103/51 1014/105/51 984/106/51
f 984/106/52 1014/105/52 1015/107/52 985/108/52
f 985/108/53 1015/107/53 1016/109/53 986/110/53
f 986/110/54 1016/109/54 1017/111/54 987/112/54
f 987/112/55 1017/111/55 1018/113/55 988/114/55
f 988/114/56 1018/113/56 1019/115/56 989/116/56
f 989/116/57 1019/115/57 1020/117/57 990/118/57
f 990/118/58 1020/117/58 1021/119/58 991/120/58
f 991/120/59 1021/119/59 1022/121/59 992/122/59
f 992/122/60 1022/121/60 1023/123/60 993/124/60
f 993/124/61 1023/123/61 1024/1/61 994/63/61
f 32/125/62 33/65/62 965/68/62 935/126/62
f 935/126/63 965/68/63 966/70/63 936/127/63
f 936/127/64 966/70/64 967/72/64 937/128/64
f 937/128/65 967/72/65 968/74/65 938/129/65
f 938/129/66 968/74/66 969/76/66 939/130/66
f 939/130/67 969/76/67 970/78/67 940/131/67
f 940/131/68 970/78/68 971/80/68 941/132/68
f 941/132/69 971/80/69 972/82/69 942/133/69
f 942/133/70 972/82/70 973/84/70 943/134/70
f 943/134/71 973/84/71 974/86/71 944/135/71
f 944/135/72 974/86/72 975/88/72 945/136/72
f 945/136/73 975/88/73 976/90/73 946/137/73
f 946/137/74 976/90/74 977/92/74 947/138/74
f 947/138/75 977/92/75 978/94/75 948/139/75
f 948/139/76 978/94/76 979/96/76 949/140/76
f 949/140/77 979/96/77 980/98/77 950/141/77
f 950/141/78 980/98/78 981/100/78 951/142/78
f 951/142/79 981/100/79 982/102/79 952/143/79
f 952/143/80 982/102/80 983/104/80 953/144/80
f 953/144/81 983/104/81 984/106/81 954/145/81
f 954/145/82 984/106/82 985/108/82 955/146/82
f 955/146/83 985/108/83 986/110/83 956/147/83
f 956/147/84 986/110/84 987/112/84 957/148/84
f 957/148/85 987/112/85 988/114/85 958/149/85
f 958/149/86 988/114/86 989/116/86 959/150/86
f 959/150/87 989/116/87 990/118/87 960/151/87
f 960/151/88 990/118/88 991/120/88 961/152/88
f 961/152/89 991/120/89 992/122/89 962/153/89
f 962/153/90 992/122/90 993/124/90 963/154/90
f 963/154/91 993/124/91 994/63/91 964/61/91
f 31/155/92 32/125/92 935/126/92 905/156/92
f 905/156/93 935/126/93 936/127/93 906/157/93
f 906/157/94 936/127/94 937/128/94 907/158/94
f 907/158/95 937/128/95 938/129/95 908/159/95
f 908/159/96 938/129/96 939/130/96 909/160/96
f 909/160/97 939/130/97 940/131/97 910/161/97
f 910/161/98 940/131/98 941/132/98 911/162/98
f 911/162/99 941/132/99 942/133/99 912/163/99
f 912/163/100 942/133/100 943/134/100 913/164/100
f 913/164/101 943/134/101 944/135/101 914/165/101
f 914/165/102 944/135/102 945/136/102 915/166/102
f 915/166/103 945/136/103 946/137/103 916/167/103
f 916/167/104 946/137/104 947/138/104 917/168/104
f 917/168/105 947/138/105 948/139/105 918/169/105
f 918/169/106 948/139/106 949/140/106 919/170/106
f 919/170/107 949/140/107 950/141/107 920/171/107
f 920/171/108 950/141/108 951/142/108 921/172/108
f 921/172/109 951/142/109 952/143/109 922/173/109
f 922/173/110 952/143/110 953/144/110 923/174/110
f 923/174/111 953/144/111 954/145/111 924/175/111
f 924/175/112 954/145/112 955/146/112 925/176/112
f 925/176/113 955/146/113 956/147/113 926/177/113
f 926/177/114 956/147/114 957/148/114 927/178/114
f 927/178/115 957/148/115 958/149/115 928/179/115
f 928/179/116 958/149/116 959/150/116 929/180/116
f 929/180/117 959/150/117 960/151/117 930/181/117
f 930/181/118 960/151/118 961/152/118 931/182/118
f 931/182/119 961/152/119 962/153/119 932/183/119
f 932/183/120 962/153/120 963/154/120 933/184/120
f 933/184/121 963/154/121 964/61/121 934/59/121
f 30/185/122 31/155/122 905/156/122 875/186/122
f 875/186/123 905/156/123 906/157/123 876/187/123
f 876/187/124 906/157/124 907/158/124 877/188/124
f 877/188/125 907/158/125 908/159/125 878/189/125
f 878/189/126 908/159/126 909/160/126 879/190/126
f 879/190/127 909/160/127 910/161/127 880/191/127
f 880/191/128 910/161/128 911/162/128 881/192/128
f 881/192/129 911/162/129 912/163/129 882/193/129
f 882/193/130 912/163/130 913/164/130 883/194/130
f 883/194/131 913/164/131 914/165/131 884/195/131
f 884/195/132 914/165/132 915/166/132 885/196/132
f 885/196/133 915/166/133 916/167/133 886/197/133
f 886/197/134 916/167/134 917/168/134 887/198/134
f 887/198/135 917/168/135 918/169/135 888/199/135
f 888/199/136 918/169/136 919/170/136 889/200/136
f 889/200/137 919/170/137 920/171/137 890/201/137
f 890/201/138 920/171/138 921/172/138 891/202/138
f 891/202/139 921/172/139 922/173/139 892/203/139
f 892/203/140 922/173/140 923/174/140 893/204/140
f 893/204/141 923/174/141 924/175/141 894/205/141
f 894/205/142 924/175/142 925/176/142 895/206/142
f 895/206/143 925/176/143 926/177/143 896/207/143
f 896/207/144 926/177/144 927/178/144 897/208/144
f 897/208/145 927/178/145 928/179/145 898/209/145
f 898/209/146 928/179/146 929/180/146 899/210/146
f 899/210/147 929/180/147 930/181/147 900/211/147
f 900/211/148 930/181/148 931/182/148 901/212/148
f 901/212/149 931/182/149 932/183/149 902/213/149
f 902/213/150 932/183/150 933/184/150 903/214/150
f 903/214/151 933/184/151 934/59/151 904/57/151
f 29/215/152 30/185/152 875/186/152 845/216/152
f 845/216/153 875/186/153 876/187/153 846/217/153
f 846/217/154 876/187/154 877/188/154 847/218/154
f 847/218/155 877/188/155 878/189/155 848/219/155
f 848/219/156 878/189/156 879/190/156 849/220/156
f 849/220/157 879/190/157 880/191/157 850/221/157
f 850/221/158 880/191/158 881/192/158 851/222/158
f 851/222/159 881/192/159 882/193/159 852/223/159
f 852/223/160 882/193/160 883/194/160 853/224/160
f 853/224/161 883/194/161 884/195/161 854/225/161
f 854/225/162 884/195/162 885/196/162 855/226/162
f 855/226/163 885/196/163 886/197/163 856/227/163
f 856/227/164 886/197/164 887/198/164 857/228/164
f 857/228/165 887/198/165 888/199/165 858/229/165
f 858/229/166 888/199/166 889/200/166 859/230/166
f 859/230/167 889/200/167 890/201/167 860/231/167
f 860/231/168 890/201/168 891/202/168 861/232/168
f 861/232/169 891/202/169 892/203/169 862/233/169
f 862/233/170 892/203/170 893/204/170 863/234/170
f 863/234/171 893/204/171 894/205/171 864/235/171
f 864/235/172 894/205/172 895/206/172 865/236/172
f 865/236/173 895/206/173 896/207/173 866/237/173
f 866/237/174 896/207/174 897/208/174 867/238/174
f 867/238/175 897/208/175 898/209/175 868/239/175
f 868/239/176 898/209/176 899/210/176 869/240/176
f 869/240/177 899/210/177 900/211/177 870/241/177
f 870/241/178 900/211/178 901/212/178 871/242/178
f 871/242/179 901/212/179 902/213/179 872/243/179
f 872/243/180 902/213/180 903/214/180 873/244/180
f 873/244/181 903/214/181 904/57/181 874/55/181
f 28/245/182 29/215/182 845/216/182 815/246/182
f 815/246/183 845/216/183 846/217/183 816/247/183
f 816/247/184 846/217/184 847/218/184 817/248/184
f 817/248/185 847/218/185 848/219/185 818/249/185
f 818/249/186 848/219/186 849/220/186 819/250/186
f 819/250/187 849/220/187 850/221/187 820/251/187
f 820/251/188 850/221/188 851/222/188 821/252/188
f 821/252/189 851/222/189 852/223/189 822/253/189
f 822/253/190 852/223/190 853/224/190 823/254/190
f 823/254/191 853/224/191 854/225/191 824/255/191
f 824/255/192 854/225/192 855/226/192 825/256/192
f 825/256/193 855/226/193 856/227/193 826/257/193
f 826/257/194 856/227/194 857/228/194 827/258/194
f 827/258/195 857/228/195 858/229/195 828/259/195
f 828/259/196 858/229/196 859/230/196 829/260/196
f 829/260/197 859/230/197 860/231/197 830/261/197
f 830/261/198 860/231/198 861/232/198 831/262/198
f 831/262/199 861/232/199 862/233/199 832/263/199
f 832/263/200 862/233/200 863/234/200 833/264/200
f 833/264/201 863/234/201 864/235/201 834/265/201
f 834/265/202 864/235/202 865/236/202 835/266/202
f 835/266/203 865/236/203 866/237/203 836/267/203
f 836/267/204 866/237/204 867/238/204 837/268/204
f 837/268/205 867/238/205 868/239/205 838/269/205
f 838/269/206 868/239/206 869/240/206 839/270/206
f 839/270/207 869/240/207 870/241/207 840/271/207
f 840/271/208 870/241/208 871/242/208 841/272/208
f 841/272/209 871/242/209 872/243/209 842/273/209
f 842/273/210 872/243/210 873/244/210 843/274/210
f 843/274/211 873/244/211 874/55/211 844/53/211
f 27/275/212 28/245/212 815/246/212 785/276/212
f 785/276/213 815/246/213 816/247/213 786/277/213
f 786/277/214 816/247/214 817/248/214 787/278/214
f 787/278/215 817/248/215 818/249/215 788/279/215
f 788/279/216 818/249/216 819/250/216 789/280/216
f 789/280/217 819/250/217 820/251/217 790/281/217
f 790/281/218 820/251/218 821/252/218 791/282/218
f 791/282/219 821/252/219 822/253/219 792/283/219
f 792/283/220 822/253/220 823/254/220 793/284/220
f 793/284/221 823/254/221 824/255/221 794/285/221
f 794/285/222 824/255/222 825/256/222 795/286/222
f 795/286/223 825/256/223 826/257/223 796/287/223
f 796/287/224 826/257/224 827/258/224 797/288/224
f 797/288/225 827/258/225 828/259/225 798/289/225
f 798/289/226 828/259/226 829/260/226 799/290/226
f 799/290/227 829/260/227 830/261/227 800/291/227
f 800/291/228 830/261/228 831/262/228 801/292/228
f 801/292/229 831/262/229 832/263/229 802/293/229
f 802/293/230 832/263/230 833/264/230 803/294/230
f 803/294/231 833/264/231 834/265/231 804/295/231
f 804/295/232 834/265/232 835/266/232 805/296/232
f 805/296/233 835/266/233 836/267/233 806/297/233
f 806/297/234 836/267/234 837/268/234 807/298/234
f 807/298/235 837/268/235 838/269/235 808/299/235
f 808/299/236 838/269/236 839/270/236 809/300/236
f 809/300/237 839/270/237 840/271/237 810/301/237
f 810/301/238 840/271/238 841/272/238 811/302/238
f 811/302/239 841/272/239 842/273/239 812/303/239
f 812/303/240 842/273/240 843/274/240 813/304/240
f 813/304/241 843/274/241 844/53/241 814/51/241
f 26/305/242 27/275/242 785/276/242 755/306/242
f 755/306/243 785/276/243 786/277/243 756/307/243
f 756/307/244 786/277/244 787/278/244 757/308/244
f 757/308/245 787/278/245 788/279/245 758/309/245
f 758/309/246 788/279/246 789/280/246 759/310/246
f 759/310/247 789/280/247 790/281/247 760/311/247
f 760/311/248 790/281/248 791/282/248 761/312/248
f 761/312/249 791/282/249 792/283/249 762/313/249
f 762/313/250 792/283/250 793/284/250 763/314/250
f 763/314/251 793/284/251 794/285/251 764/315/251
f 764/315/252 794/285/252 795/286/252 765/316/252
f 765/316/253 795/286/253 796/287/253 766/317/253
f 766/317/254 796/287/254 797/288/254 767/318/254
f 767/318/255 797/288/255 798/289/255 768/319/255
f 768/319/256 798/289/256 799/290/256 769/320/256
f 769/320/257 799/290/257 800/291/257 770/321/257
f 770/321/258 800/291/258 801/292/258 771/322/258
f 771/322/259 801/292/259 802/293/259 772/323/259
f 772/323/260 802/293/260 803/294/260 773/324/260
f 773/324/261 803/294/261 804/295/261 774/325/261
f 774/325/262 804/295/262 805/296/262 775/326/262
f 775/326/263 805/296/263 806/297/263 776/327/263
f 776/327/264 806/297/264 807/298/264 777/328/264
f 777/328/265 807/298/265 808/299/265 778/329/265
f 778/329/266 808/299/266 809/300/266 779/330/266
f 779/330/267 809/300/267 810/301/267 780/331/267
f 780/331/268 810/301/268 811/302/268 781/332/268
f 781/332/269 811/302/269 812/303/269 782/333/269
f 782/333/270 812/303/270 813/304/270 783/334/270
f 783/334/271 813/304/271 814/51/271 784/49/271
f 25/335/272 26/305/272 755/306/272 725/336/272
f 725/336/273 755/306/273 756/307/273 726/337/273
f 726/337/274 756/307/274 757/308/274 727/338/274
f 727/338/275 757/308/275 758/309/275 728/339/275
f 728/339/276 758/309/276 759/310/276 729/340/276
f 729/340/277 759/310/277 760/311/277 730/341/277
f 730/341/278 760/311/278 761/312/278 731/342/278
f 731/342/279 761/312/279 762/313/279 732/343/279
f 732/343/280 762/313/280 763/314/280 733/344/280
f 733/344/281 763/314/281 764/315/281 734/345/281
f 734/345/282 764/315/282 765/316/282 735/346/282
f 735/346/283 765/316/283 766/317/283 736/347/283
f 736/347/254 766/317/254 767/318/254 737/348/254
f 737/348/255 767/318/255 768/319/255 738/349/255
f 738/349/256 768/319/256 769/320/256 739/350/256
f 739/350/284 769/320/284 770/321/284 740/351/284
f 740/351/285 770/321/285 771/322/285 741/352/285
f 741/352/286 771/322/286 772/323/286 742/353/286
f 742/353/287 772/323/287 773/324/287 743/354/287
f 743/354/288 773/324/288 774/325/288 744/355/288
f 744/355/289 774/325/289 775/326/289 745/356/289
f 745/356/290 775/326/290 776/327/290 746/357/290
f 746/357/291 776/327/291 777/328/291 747/358/291
f 747/358/292 777/328/292 778/329/292 748/359/292
f 748/359/293 778/329/293 779/330/293 749/360/293
f 749/360/294 779/330/294 780/331/294 750/361/294
f 750/361/295 780/331/295 781/332/295 751/362/295
f 751/362/296 781/332/296 782/333/296 752/363/296
f 752/363/297 782/333/297 783/334/297 753/364/297
f 753/364/298 783/334/298 784/49/298 754/47/298
f 24/365/299 25/335/299 725/336/299 695/366/299
f 695/366/300 725/336/300 726/337/300 696/367/300
f 696/367/301 726/337/301 727/338/301 697/368/301
f 697/368/302 727/338/302 728/339/302 698/369/302
f 698/369/303 728/339/303 729/340/303 699/370/303
f 699/370/304 729/340/304 730/341/304 700/371/304
f 700/371/305 730/341/305 731/342/305 701/372/305
f 701/372/306 731/342/306 732/343/306 702/373/306
f 702/373/307 732/343/307 733/344/307 703/374/307
f 703/374/308 733/344/308 734/345/308 704/375/308
f 704/375/309 734/345/309 735/346/309 705/376/309
f 705/376/283 735/346/283 736/347/283 706/377/283
f 706/377/254 736/347/254 737/348/254 707/378/254
f 707/378/255 737/348/255 738/349/255 708/379/255
f 708/379/256 738/349/256 739/350/256 709/380/256
f 709/380/284 739/350/284 740/351/284 710/381/284
f 710/381/285 740/351/285 741/352/285 711/382/285
f 711/382/286 741/352/286 742/353/286 712/383/286
f 712/383/287 742/353/287 743/354/287 713/384/287
f 713/384/310 743/354/310 744/355/310 714/385/310
f 714/385/311 744/355/311 745/356/311 715/386/311
f 715/386/312 745/356/312 746/357/312 716/387/312
f 716/387/313 746/357/313 747/358/313 717/388/313
f 717/388/314 747/358/314 748/359/314 718/389/314
f 718/389/315 748/359/315 749/360/315 719/390/315
f 719/390/316 749/360/316 750/361/316 720/391/316
f 720/391/317 750/361/317 751/362/317 721/392/317
f 721/392/318 751/362/318 752/363/318 722/393/318
f 722/393/319 752/363/319 753/364/319 723/394/319
f 723/394/320 753/364/320 754/47/320 724/45/320
f 23/395/321 24/365/321 695/366/321 665/396/321
f 665/396/322 695/366/322 696/367/322 666/397/322
f 666/397/323 696/367/323 697/368/323 667/398/323
f 667/398/324 697/368/324 698/369/324 668/399/324
f 668/399/325 698/369/325 699/370/325 669/400/325
f 669/400/326 699/370/326 700/371/326 670/401/326
f 670/401/327 700/371/327 701/372/327 671/402/327
f 671/402/328 701/372/328 702/373/328 672/403/328
f 672/403/329 702/373/329 703/374/329 673/404/329
f 673/404/308 703/374/308 704/375/308 674/405/308
f 674/405/309 704/375/309 705/376/309 675/406/309
f 675/406/283 705/376/283 706/377/283 676/407/283
f 676/407/254 706/377/254 707/378/254 677/408/254
f 677/408/255 707/378/255 708/379/255 678/409/255
f 678/409/256 708/379/256 709/380/256 679/410/256
f 679/410/284 709/380/284 710/381/284 680/411/284
f 680/411/285 710/381/285 711/382/285 681/412/285
f 681/412/286 711/382/286 712/383/286 682/413/286
f 682/413/287 712/383/287 713/384/287 683/414/287
f 683/414/330 713/384/330 714/385/330 684/415/330
f 684/415/331 714/385/331 715/386/331 685/416/331
f 685/416/332 715/386/332 716/387/332 686/417/332
f 686/417/333 716/387/333 717/388/333 687/418/333
f 687/418/334 717/388/334 718/389/334 688/419/334
f 688/419/335 718/389/335 719/390/335 689/420/335
f 689/420/336 719/390/336 720/391/336 690/421/336
f 690/421/337 720/391/337 721/392/337 691/422/337
f 691/422/338 721/392/338 722/393/338 692/423/338
f 692/423/339 722/393/339 723/394/339 693/424/339
f 693/424/340 723/394/340 724/45/340 694/43/340
f 22/425/341 23/395/341 665/396/341 635/426/341
f 635/426/342 665/396/342 666/397/342 636/427/342
f 636/427/343 666/397/343 667/398/343 637/428/343
f 637/428/344 667/398/344 668/399/344 638/429/344
f 638/429/345 668/399/345 669/400/345 639/430/345
f 639/430/346 669/400/346 670/401/346 640/431/346
f 640/431/347 670/401/347 671/402/347 641/432/347
f 641/432/348 671/402/348 672/403/348 642/433/348
f 642/433/349 672/403/349 673/404/349 643/434/349
f 643/434/308 673/404/308 674/405/308 644/435/308
f 644/435/309 674/405/309 675/406/309 645/436/309
f 645/436/283 675/406/283 676/407/283 646/437/283
f 646/437/254 676/407/254 677/408/254 647/438/254
f 647/438/255 677/408/255 678/409/255 648/439/255
f 648/439/256 678/409/256 679/410/256 649/440/256
f 649/440/284 679/410/284 680/411/284 650/441/284
f 650/441/285 680/411/285 681/412/285 651/442/285
f 651/442/286 681/412/286 682/413/286 652/443/286
f 652/443/287 682/413/287 683/414/287 653/444/287
f 653/444/350 683/414/350 684/415/350 654/445/350
f 654/445/351 684/415/351 685/416/351 655/446/351
f 655/446/352 685/416/352 686/417/352 656/447/352
f 656/447/353 686/417/353 687/418/353 657/448/353
f 657/448/354 687/418/354 688/419/354 658/449/354
f 658/449/355 688/419/355 689/420/355 659/450/355
f 659/450/356 689/420/356 690/421/356 660/451/356
f 660/451/357 690/421/357 691/422/357 661/452/357
f 661/452/358 691/422/358 692/423/358 662/453/358
f 662/453/359 692/423/359 693/424/359 663/454/359
f 663/454/360 693/424/360 694/43/360 664/41/360
f 21/455/361 22/425/361 635/426/361 605/456/361
f 605/456/362 635/426/362 636/427/362 606/457/362
f 606/457/363 636/427/363 637/428/363 607/458/363
f 607/458/364 637/428/364 638/429/364 608/459/364
f 608/459/365 638/429/365 639/430/365 609/460/365
f 609/460/366 639/430/366 640/431/366 610/461/366
f 610/461/367 640/431/367 641/432/367 611/462/367
f 611/462/368 641/432/368 642/433/368 612/463/368
f 612/463/369 642/433/369 643/434/369 613/464/369
f 613/464/308 643/434/308 644/435/308 614/465/308
f 614/465/309 644/435/309 645/436/309 615/466/309
f 615/466/283 645/436/283 646/437/283 616/467/283
f 616/467/254 646/437/254 647/438/254 617/468/254
f 617/468/255 647/438/255 648/439/255 618/469/255
f 618/469/256 648/439/256 649/440/256 619/470/256
f 619/470/284 649/440/284 650/441/284 620/471/284
f 620/471/285 650/441/285 651/442/285 621/472/285
f 621/472/286 651/442/286 652/443/286 622/473/286
f 622/473/287 652/443/287 653/444/287 623/474/287
f 623/474/370 653/444/370 654/445/370 624/475/370
f 624/475/371 654/445/371 655/446/371 625/476/371
f 625/476/372 655/446/372 656/447/372 626/477/372
f 626/477/373 656/447/373 657/448/373 627/478/373
f 627/478/374 657/448/374 658/449/374 628/479/374
f 628/479/375 658/449/375 659/450/375 629/480/375
f 629/480/376 659/450/376 660/451/376 630/481/376
f 630/481/377 660/451/377 661/452/377 631/482/377
f 631/482/378 661/452/378 662/453/378 632/483/378
f 632/483/379 662/453/379 663/454/379 633/484/379
f 633/484/380 663/454/380 664/41/380 634/39/380
f 20/485/381 21/455/381 605/456/381 575/486/381
f 575/486/382 605/456/382 606/457/382 576/487/382
f 576/487/383 606/457/383 607/458/383 577/488/383
f 577/488/384 607/458/384 608/459/384 578/489/384
f 578/489/385 608/459/385 609/460/385 579/490/385
f 579/490/386 609/460/386 610/461/386 580/491/386
f 580/491/387 610/461/387 611/462/387 581/492/387
f 581/492/388 611/462/388 612/463/388 582/493/388
f 582/493/369 612/463/369 613/464/369 583/494/369
f 583/494/308 613/464/308 614/465/308 584/495/308
f 584/495/309 614/465/309 615/466/309 585/496/309
f 585/496/283 615/466/283 616/467/283 586/497/283
f 586/497/254 616/467/254 617/468/254 587/498/254
f 587/498/255 617/468/255 618/469/255 588/499/255
f 588/499/256 618/469/256 619/470/256 589/500/256
f 589/500/284 619/470/284 620/471/284 590/501/284
f 590/501/285 620/471/285 621/472/285 591/502/285
f 591/502/286 621/472/286 622/473/286 592/503/286
f 592/503/287 622/473/287 623/474/287 593/504/287
f 593/504/389 623/474/389 624/475/389 594/505/389
f 594/505/390 624/475/390 625/476/390 595/506/390
f 595/506/391 625/476/391 626/477/391 596/507/391
f 596/507/392 626/477/392 627/478/392 597/508/392
f 597/508/393 627/478/393 628/479/393 598/509/393
f 598/509/394 628/479/394 629/480/394 599/510/394
f 599/510/395 629/480/395 630/481/395 600/511/395
f 600/511/396 630/481/396 631/482/396 601/512/396
f 601/512/397 631/482/397 632/483/397 602/513/397
f 602/513/398 632/483/398 633/484/398 603/514/398
f 603/514/399 633/484/399 634/39/399 604/37/399
f 19/515/400 20/485/400 575/486/400 545/516/400
f 545/516/401 575/486/401 576/487/401 546/517/401
f 546/517/402 576/487/402 577/488/402 547/518/402
f 547/518/403 577/488/403 578/489/403 548/519/403
f 548/519/404 578/489/404 579/490/404 549/520/404
f 549/520/405 579/490/405 580/491/405 550/521/405
f 550/521/406 580/491/406 581/492/406 551/522/406
f 551/522/407 581/492/407 582/493/407 552/523/407
f 552/523/369 582/493/369 583/494/369 553/524/369
f 553/524/308 583/494/308 584/495/308 554/525/308
f 554/525/309 584/495/309 585/496/309 555/526/309
f 555/526/283 585/496/283 586/497/283 556/527/283
f 556/527/254 586/497/254 587/498/254 557/528/254
f 557/528/255 587/498/255 588/499/255 558/529/255
f 558/529/256 588/499/256 589/500/256 559/530/256
f 559/530/284 589/500/284 590/501/284 560/531/284
f 560/531/285 590/501/285 591/502/285 561/532/285
f 561/532/286 591/502/286 592/503/286 562/533/286
f 562/533/287 592/503/287 593/504/287 563/534/287
f 563/534/408 593/504/408 594/505/408 564/535/408
f 564/535/409 594/505/409 595/506/409 565/536/409
f 565/536/410 595/506/410 596/507/410 566/537/410
f 566/537/411 596/507/411 597/508/411 567/538/411
f 567/538/412 597/508/412 598/509/412 568/539/412
f 568/539/413 598/509/413 599/510/413 569/540/413
f 569/540/414 599/510/414 600/511/414 570/541/414
f 570/541/415 600/511/415 601/512/415 571/542/415
f 571/542/416 601/512/416 602/513/416 572/543/416
f 572/543/417 602/513/417 603/514/417 573/544/417
f 573/544/418 603/514/418 604/37/418 574/35/418
f 18/545/419 19/515/419 545/516/419 515/546/419
f 515/546/420 545/516/420 546/517/420 516/547/420
f 516/547/421 546/517/421 547/518/421 517/548/421
f 517/548/422 547/518/422 548/519/422 518/549/422
f 518/549/423 548/519/423 549/520/423 519/550/423
f 519/550/424 549/520/424 550/521/424 520/551/424
f 520/551/425 550/521/425 551/522/425 521/552/425
f 521/552/426 551/522/426 552/523/426 522/553/426
f 522/553/427 552/523/427 553/524/427 523/554/427
f 523/554/428 553/524/428 554/525/428 524/555/428
f 524/555/309 554/525/309 555/526/309 525/556/309
f 525/556/283 555/526/283 556/527/283 526/557/283
f 526/557/254 556/527/254 557/528/254 527/558/254
f 527/558/255 557/528/255 558/529/255 528/559/255
f 528/559/256 558/529/256 559/530/256 529/560/256
f 529/560/284 559/530/284 560/531/284 530/561/284
f 530/561/285 560/531/285 561/532/285 531/562/285
f 531/562/286 561/532/286 562/533/286 532/563/286
f 532/563/287 562/533/287 563/534/287 533/564/287
f 533/564/429 563/534/429 564/535/429 534/565/429
f 534/565/430 564/535/430 565/536/430 535/566/430
f 535/566/431 565/536/431 566/537/431 536/567/431
f 536/567/432 566/537/432 567/538/432 537/568/432
f 537/568/433 567/538/433 568/539/433 538/569/433
f 538/569/434 568/539/434 569/540/434 539/570/434
f 539/570/435 569/540/435 570/541/435 540/571/435
f 540/571/436 570/541/436 571/542/436 541/572/436
f 541/572/437 571/542/437 572/543/437 542/573/437
f 542/573/438 572/543/438 573/544/438 543/574/438
f 543/574/439 573/544/439 574/35/439 544/33/439
f 17/575/440 18/545/440 515/546/440 485/576/440
f 485/576/441 515/546/441 516/547/441 486/577/441
f 486/577/442 516/547/442 517/548/442 487/578/442
f 487/578/443 517/548/443 518/549/443 488/579/443
f 488/579/444 518/549/444 519/550/444 489/580/444
f 489/580/445 519/550/445 520/551/445 490/581/445
f 490/581/446 520/551/446 521/552/446 491/582/446
f 491/582/447 521/552/447 522/553/447 492/583/447
f 492/583/448 522/553/448 523/554/448 493/584/448
f 493/584/449 523/554/449 524/555/449 494/585/449
f 494/585/450 524/555/450 525/556/450 495/586/450
f 495/586/283 525/556/283 526/557/283 496/587/283
f 496/587/254 526/557/254 527/558/254 497/588/254
f 497/588/255 527/558/255 528/559/255 498/589/255
f 498/589/256 528/559/256 529/560/256 499/590/256
f 499/590/284 529/560/284 530/561/284 500/591/284
f 500/591/285 530/561/285 531/562/285 501/592/285
f 501/592/286 531/562/286 532/563/286 502/593/286
f 502/593/287 532/563/287 533/564/287 503/594/287
f 503/594/429 533/564/429 534/565/429 504/595/429
f 504/595/451 534/565/451 535/566/451 505/596/451
f 505/596/452 535/566/452 536/567/452 506/597/452
f 506/597/453 536/567/453 537/568/453 507/598/453
f 507/598/454 537/568/454 538/569/454 508/599/454
f 508/599/455 538/569/455 539/570/455 509/600/455
f 509/600/456 539/570/456 540/571/456 510/601/456
f 510/601/457 540/571/457 541/572/457 511/602/457
f 511/602/458 541/572/458 542/573/458 512/603/458
f 512/603/459 542/573/459 543/574/459 513/604/459
f 513/604/460 543/574/460 544/33/460 514/31/460
f 16/605/461 17/575/461 485/576/461 455/606/461
f 455/606/462 485/576/462 486/577/462 456/607/462
f 456/607/463 486/577/463 487/578/463 457/608/463
f 457/608/464 487/578/464 488/579/464 458/609/464
f 458/609/465 488/579/465 489/580/465 459/610/465
f 459/610/466 489/580/466 490/581/466 460/611/466
f 460/611/467 490/581/467 491/582/467 461/612/467
f 461/612/468 491/582/468 492/583/468 462/613/468
f 462/613/469 492/583/469 493/584/469 463/614/469
f 463/614/470 493/584/470 494/585/470 464/615/470
f 464/615/471 494/585/471 495/586/471 465/616/471
f 465/616/472 495/586/472 496/587/472 466/617/472
f 466/617/254 496/587/254 497/588/254 467/618/254
f 467/618/255 497/588/255 498/589/255 468/619/255
f 468/619/256 498/589/256 499/590/256 469/620/256
f 469/620/284 499/590/284 500/591/284 470/621/284
f 470/621/285 500/591/285 501/592/285 471/622/285
f 471/622/286 501/592/286 502/593/286 472/623/286
f 472/623/287 502/593/287 503/594/287 473/624/287
f 473/624/429 503/594/429 504/595/429 474/625/429
f 474/625/473 504/595/473 505/596/473 475/626/473
f 475/626/474 505/596/474 506/597/474 476/627/474
f 476/627/475 506/597/475 507/598/475 477/628/475
f 477/628/476 507/598/476 508/599/476 478/629/476
f 478/629/477 508/599/477 509/600/477 479/630/477
f 479/630/478 509/600/478 510/601/478 480/631/478
f 480/631/479 510/601/479 511/602/479 481/632/479
f 481/632/480 511/602/480 512/603/480 482/633/480
f 482/633/481 512/603/481 513/604/481 483/634/481
f 483/634/482 513/604/482 514/31/482 484/29/482
f 15/635/483 16/605/483 455/606/483 425/636/483
f 425/636/484 455/606/484 456/607/484 426/637/484
f 426/637/485 456/607/485 457/608/485 427/638/485
f 427/638/486 457/608/486 458/609/486 428/639/486
f 428/639/487 458/609/487 459/610/487 429/640/487
f 429/640/488 459/610/488 460/611/488 430/641/488
f 430/641/489 460/611/489 461/612/489 431/642/489
f 431/642/490 461/612/490 462/613/490 432/643/490
f 432/643/491 462/613/491 463/614/491 433/644/491
f 433/644/492 463/614/492 464/615/492 434/645/492
f 434/645/493 464/615/493 465/616/493 435/646/493
f 435/646/494 465/616/494 466/617/494 436/647/494
f 436/647/495 466/617/495 467/618/495 437/648/495
f 437/648/255 467/618/255 468/619/255 438/649/255
f 438/649/256 468/619/256 469/620/256 439/650/256
f 439/650/284 469/620/284 470/621/284 440/651/284
f 440/651/285 470/621/285 471/622/285 441/652/285
f 441/652/286 471/622/286 472/623/286 442/653/286
f 442/653/287 472/623/287 473/624/287 443/654/287
f 443/654/429 473/624/429 474/625/429 444/655/429
f 444/655/473 474/625/473 475/626/473 445/656/473
f 445/656/496 475/626/496 476/627/496 446/657/496
f 446/657/497 476/627/497 477/628/497 447/658/497
f 447/658/498 477/628/498 478/629/498 448/659/498
f 448/659/499 478/629/499 479/630/499 449/660/499
f 449/660/500 479/630/500 480/631/500 450/661/500
f 450/661/501 480/631/501 481/632/501 451/662/501
f 451/662/502 481/632/502 482/633/502 452/663/502
f 452/663/503 482/633/503 483/634/503 453/664/503
f 453/664/504 483/634/504 484/29/504 454/27/504
f 14/665/505 15/635/505 425/636/505 395/666/505
f 395/666/506 425/636/506 426/637/506 396/667/506
f 396/667/507 426/637/507 427/638/507 397/668/507
f 397/668/508 427/638/508 428/639/508 398/669/508
f 398/669/509 428/639/509 429/640/509 399/670/509
f 399/670/510 429/640/510 430/641/510 400/671/510
f 400/671/511 430/641/511 431/642/511 401/672/511
f 401/672/512 431/642/512 432/643/512 402/673/512
f 402/673/513 432/643/513 433/644/513 403/674/513
f 403/674/514 433/644/514 434/645/514 404/675/514
f 404/675/515 434/645/515 435/646/515 405/676/515
f 405/676/516 435/646/516 436/647/516 406/677/516
f 406/677/517 436/647/517 437/648/517 407/678/517
f 407/678/518 437/648/518 438/649/518 408/679/518
f 408/679/256 438/649/256 439/650/256 409/680/256
f 409/680/284 439/650/284 440/651/284 410/681/284
f 410/681/285 440/651/285 441/652/285 411/682/285
f 411/682/286 441/652/286 442/653/286 412/683/286
f 412/683/287 442/653/287 443/654/287 413/684/287
f 413/684/519 443/654/519 444/655/519 414/685/519
f 414/685/520 444/655/520 445/656/520 415/686/520
f 415/686/521 445/656/521 446/657/521 416/687/521
f 416/687/522 446/657/522 447/658/522 417/688/522
f 417/688/523 447/658/523 448/659/523 418/689/523
f 418/689/524 448/659/524 449/660/524 419/690/524
f 419/690/525 449/660/525 450/661/525 420/691/525
f 420/691/526 450/661/526 451/662/526 421/692/526
f 421/692/527 451/662/527 452/663/527 422/693/527
f 422/693/528 452/663/528 453/664/528 423/694/528
f 423/694/529 453/664/529 454/27/529 424/25/529
f 13/695/530 14/665/530 395/666/530 365/696/530
f 365/696/531 395/666/531 396/667/531 366/697/531
f 366/697/532 396/667/532 397/668/532 367/698/532
f 367/698/533 397/668/533 398/669/533 368/699/533
f 368/699/534 398/669/534 399/670/534 369/700/534
f 369/700/535 399/670/535 400/671/535 370/701/535
f 370/701/536 400/671/536 401/672/536 371/702/536
f 371/702/537 401/672/537 402/673/537 372/703/537
f 372/703/538 402/673/538 403/674/538 373/704/538
f 373/704/539 403/674/539 404/675/539 374/705/539
f 374/705/540 404/675/540 405/676/540 375/706/540
f 375/706/541 405/676/541 406/677/541 376/707/541
f 376/707/542 406/677/542 407/678/542 377/708/542
f 377/708/543 407/678/543 408/679/543 378/709/543
f 378/709/544 408/679/544 409/680/544 379/710/544
f 379/710/284 409/680/284 410/681/284 380/711/284
f 380/711/285 410/681/285 411/682/285 381/712/285
f 381/712/286 411/682/286 412/683/286 382/713/286
f 382/713/545 412/683/545 413/684/545 383/714/545
f 383/714/546 413/684/546 414/685/546 384/715/546
f 384/715/547 414/685/547 415/686/547 385/716/547
f 385/716/548 415/686/548 416/687/548 386/717/548
f 386/717/549 416/687/549 417/688/549 387/718/549
f 387/718/550 417/688/550 418/689/550 388/719/550
f 388/719/551 418/689/551 419/690/551 389/720/551
f 389/720/552 419/690/552 420/691/552 390/721/552
f 390/721/553 420/691/553 421/692/553 391/722/553
f 391/722/554 421/692/554 422/693/554 392/723/554
f 392/723/555 422/693/555 423/694/555 393/724/555
f 393/724/556 423/694/556 424/25/556 394/23/556
f 12/725/557 13/695/557 365/696/557 335/726/557
f 335/726/558 365/696/558 366/697/558 336/727/558
f 336/727/559 366/697/559 367/698/559 337/728/559
f 337/728/560 367/698/560 368/699/560 338/729/560
f 338/729/561 368/699/561 369/700/561 339/730/561
f 339/730/562 369/700/562 370/701/562 340/731/562
f 340/731/563 370/701/563 371/702/563 341/732/563
f 341/732/564 371/702/564 372/703/564 342/733/564
f 342/733/565 372/703/565 373/704/565 343/734/565
f 343/734/566 373/704/566 374/705/566 344/735/566
f 344/735/567 374/705/567 375/706/567 345/736/567
f 345/736/568 375/706/568 376/707/568 346/737/568
f 346/737/569 376/707/569 377/708/569 347/738/569
f 347/738/570 377/708/570 378/709/570 348/739/570
f 348/739/571 378/709/571 379/710/571 349/740/571
f 349/740/284 379/710/284 380/711/284 350/741/284
f 350/741/285 380/711/285 381/712/285 351/742/285
f 351/742/572 381/712/572 382/713/572 352/743/572
f 352/743/573 382/713/573 383/714/573 353/744/573
f 353/744/574 383/714/574 384/715/574 354/745/574
f 354/745/575 384/715/575 385/716/575 355/746/575
f 355/746/576 385/716/576 386/717/576 356/747/576
f 356/747/577 386/717/577 387/718/577 357/748/577
f 357/748/578 387/718/578 388/719/578 358/749/578
f 358/749/579 388/719/579 389/720/579 359/750/579
f 359/750/580 389/720/580 390/721/580 360/751/580
f 360/751/581 390/721/581 391/722/581 361/752/581
f 361/752/582 391/722/582 392/723/582 362/753/582
f 362/753/583 392/723/583 393/724/583 363/754/583
f 363/754/584 393/724/584 394/23/584 364/21/584
f 11/755/585 12/725/585 335/726/585 305/756/585
f 305/756/586 335/726/586 336/727/586 306/757/586
f 306/757/587 336/727/587 337/728/587 307/758/587
f 307/758/588 337/728/588 338/729/588 308/759/588
f 308/759/589 338/729/589 339/730/589 309/760/589
f 309/760/590 339/730/590 340/731/590 310/761/590
f 310/761/591 340/731/591 341/732/591 311/762/591
f 311/762/592 341/732/592 342/733/592 312/763/592
f 312/763/593 342/733/593 343/734/593 313/764/593
f 313/764/594 343/734/594 344/735/594 314/765/594
f 314/765/595 344/735/595 345/736/595 315/766/595
f 315/766/596 345/736/596 346/737/596 316/767/596
f 316/767/597 346/737/597 347/738/597 317/768/597
f 317/768/598 347/738/598 348/739/598 318/769/598
f 318/769/599 348/739/599 349/740/599 319/770/599
f 319/770/600 349/740/600 350/741/600 320/771/600
f 320/771/601 350/741/601 351/742/601 321/772/601
f 321/772/602 351/742/602 352/743/602 322/773/602
f 322/773/603 352/743/603 353/744/603 323/774/603
f 323/774/604 353/744/604 354/745/604 324/775/604
f 324/775/605 354/745/605 355/746/605 325/776/605
f 325/776/606 355/746/606 356/747/606 326/777/606
f 326/777/607 356/747/607 357/748/607 327/778/607
f 327/778/608 357/748/608 358/749/608 328/779/608
f 328/779/609 358/749/609 359/750/609 329/780/609
f 329/780/610 359/750/610 360/751/610 330/781/610
f 330/781/611 360/751/611 361/752/611 331/782/611
f 331/782/612 361/752/612 362/753/612 332/783/612
f 332/783/613 362/753/613 363/754/613 333/784/613
f 333/784/614 363/754/614 364/21/614 334/19/614
f 10/785/615 11/755/615 305/756/615 275/786/615
f 275/786/616 305/756/616 306/757/616 276/787/616
f 276/787/617 306/757/617 307/758/617 277/788/617
f 277/788/618 307/758/618 308/759/618 278/789/618
f 278/789/619 308/759/619 309/760/619 279/790/619
f 279/790/620 309/760/620 310/761/620 280/791/620
f 280/791/621 310/761/621 311/762/621 281/792/621
f 281/792/622 311/762/622 312/763/622 282/793/622
f 282/793/623 312/763/623 313/764/623 283/794/623
f 283/794/624 313/764/624 314/765/624 284/795/624
f 284/795/625 314/765/625 315/766/625 285/796/625
f 285/796/626 315/766/626 316/767/626 286/797/626
f 286/797/627 316/767/627 317/768/627 287/798/627
f 287/798/628 317/768/628 318/769/628 288/799/628
f 288/799/629 318/769/629 319/770/629 289/800/629
f 289/800/630 319/770/630 320/771/630 290/801/630
f 290/801/631 320/771/631 321/772/631 291/802/631
f 291/802/632 321/772/632 322/773/632 292/803/632
f 292/803/633 322/773/633 323/774/633 293/804/633
f 293/804/634 323/774/634 324/775/634 294/805/634
f 294/805/635 324/775/635 325/776/635 295/806/635
f 295/806/636 325/776/636 326/777/636 296/807/636
f 296/807/637 326/777/637 327/778/637 297/808/637
f 297/808/638 327/778/638 328/779/638 298/809/638
f 298/809/639 328/779/639 329/780/639 299/810/639
f 299/810/640 329/780/640 330/781/640 300/811/640
f 300/811/641 330/781/641 331/782/641 301/812/641
f 301/812/642 331/782/642 332/783/642 302/813/642
f 302/813/643 332/783/643 333/784/643 303/814/643
f 303/814/644 333/784/644 334/19/644 304/17/644
f 9/815/645 10/785/645 275/786/645 245/816/645
f 245/816/646 275/786/646 276/787/646 246/817/646
f 246/817/647 276/787/647 277/788/647 247/818/647
f 247/818/648 277/788/648 278/789/648 248/819/648
f 248/819/649 278/789/649 279/790/649 249/820/649
f 249/820/650 279/790/650 280/791/650 250/821/650
f 250/821/651 280/791/651 281/792/651 251/822/651
f 251/822/652 281/792/652 282/793/652 252/823/652
f 252/823/653 282/793/653 283/794/653 253/824/653
f 253/824/654 283/794/654 284/795/654 254/825/654
f 254/825/655 284/795/655 285/796/655 255/826/655
f 255/826/656 285/796/656 286/797/656 256/827/656
f 256/827/657 286/797/657 287/798/657 257/828/657
f 257/828/658 287/798/658 288/799/658 258/829/658
f 258/829/659 288/799/659 289/800/659 259/830/659
f 259/830/660 289/800/660 290/801/660 260/831/660
f 260/831/661 290/801/661 291/802/661 261/832/661
f 261/832/662 291/802/662 292/803/662 262/833/662
f 262/833/663 292/803/663 293/804/663 263/834/663
f 263/834/664 293/804/664 294/805/664 264/835/664
f 264/835/665 294/805/665 295/806/665 265/836/665
f 265/836/666 295/806/666 296/807/666 266/837/666
f 266/837/667 296/807/667 297/808/667 267/838/667
f 267/838/668 297/808/668 298/809/668 268/839/668
f 268/839/669 298/809/669 299/810/669 269/840/669
f 269/840/670 299/810/670 300/811/670 270/841/670
f 270/841/671 300/811/671 301/812/671 271/842/671
f 271/842/672 301/812/672 302/813/672 272/843/672
f 272/843/673 302/813/673 303/814/673 273/844/673
f 273/844/674 303/814/674 304/17/674 274/15/674
f 8/845/675 9/815/675 245/816/675 215/846/675
f 215/846/676 245/816/676 246/817/676 216/847/676
f 216/847/677 246/817/677 247/818/677 217/848/677
f 217/848/678 247/818/678 248/819/678 218/849/678
f 218/849/679 248/819/679 249/820/679 219/850/679
f 219/850/680 249/820/680 250/821/680 220/851/680
f 220/851/681 250/821/681 251/822/681 221/852/681
f 221/852/682 251/822/682 252/823/682 222/853/682
f 222/853/683 252/823/683 253/824/683 223/854/683
f 223/854/684 253/824/684 254/825/684 224/855/684
f 224/855/685 254/825/685 255/826/685 225/856/685
f 225/856/686 255/826/686 256/827/686 226/857/686
f 226/857/687 256/827/687 257/828/687 227/858/687
f 227/858/688 257/828/688 258/829/688 228/859/688
f 228/859/689 258/829/689 259/830/689 229/860/689
f 229/860/690 259/830/690 260/831/690 230/861/690
f 230/861/691 260/831/691 261/832/691 231/862/691
f 231/862/692 261/832/692 262/833/692 232/863/692
f 232/863/693 262/833/693 263/834/693 233/864/693
f 233/864/694 263/834/694 264/835/694 234/865/694
f 234/865/695 264/835/695 265/836/695 235/866/695
f 235/866/696 265/836/696 266/837/696 236/867/696
f 236/867/697 266/837/697 267/838/697 237/868/697
f 237/868/698 267/838/698 268/839/698 238/869/698
f 238/869/699 268/839/699 269/840/699 239/870/699
f 239/870/700 269/840/700 270/841/700 240/871/700
f 240/871/701 270/841/701 271/842/701 241/872/701
f 241/872/702 271/842/702 272/843/702 242/873/702
f 242/873/703 272/843/703 273/844/703 243/874/703
f 243/874/704 273/844/704 274/15/704 244/13/704
f 7/875/705 8/845/705 215/846/705 185/876/705
f 185/876/706 215/846/706 216/847/706 186/877/706
f 186/877/707 216/847/707 217/848/707 187/878/707
f 187/878/708 217/848/708 218/849/708 188/879/708
f 188/879/709 218/849/709 219/850/709 189/880/709
f 189/880/710 219/850/710 220/851/710 190/881/710
f 190/881/711 220/851/711 221/852/711 191/882/711
f 191/882/712 221/852/712 222/853/712 192/883/712
f 192/883/713 222/853/713 223/854/713 193/884/713
f 193/884/714 223/854/714 224/855/714 194/885/714
f 194/885/715 224/855/715 225/856/715 195/886/715
f 195/886/716 225/856/716 226/857/716 196/887/716
f 196/887/717 226/857/717 227/858/717 197/888/717
f 197/888/718 227/858/718 228/859/718 198/889/718
f 198/889/719 228/859/719 229/860/719 199/890/719
f 199/890/720 229/860/720 230/861/720 200/891/720
f 200/891/721 230/861/721 231/862/721 201/892/721
f 201/892/722 231/862/722 232/863/722 202/893/722
f 202/893/723 232/863/723 233/864/723 203/894/723
f 203/894/724 233/864/724 234/865/724 204/895/724
f 204/895/725 234/865/725 235/866/725 205/896/725
f 205/896/726 235/866/726 236/867/726 206/897/726
f 206/897/727 236/867/727 237/868/727 207/898/727
f 207/898/728 237/868/728 238/869/728 208/899/728
f 208/899/729 238/869/729 239/870/729 209/900/729
f 209/900/730 239/870/730 240/871/730 210/901/730
f 210/901/731 240/871/731 241/872/731 211/902/731
f 211/902/732 241/872/732 242/873/732 212/903/732
f 212/903/733 242/873/733 243/874/733 213/904/733
f 213/904/734 243/874/734 244/13/734 214/11/734
f 6/905/735 7/875/735 185/876/735 155/906/735
f 155/906/736 185/876/736 186/877/736 156/907/736
f 156/907/737 186/877/737 187/878/737 157/908/737
f 157/908/738 187/878/738 188/879/738 158/909/738
f 158/909/739 188/879/739 189/880/739 159/910/739
f 159/910/740 189/880/740 190/881/740 160/911/740
f 160/911/741 190/881/741 191/882/741 161/912/741
f 161/912/742 191/882/742 192/883/742 162/913/742
f 162/913/743 192/883/743 193/884/743 163/914/743
f 163/914/744 193/884/744 194/885/744 164/915/744
f 164/915/745 194/885/745 195/886/745 165/916/745
f 165/916/746 195/886/746 196/887/746 166/917/746
f 166/917/747 196/887/747 197/888/747 167/918/747
f 167/918/748 197/888/748 198/889/748 168/919/748
f 168/919/749 198/889/749 199/890/749 169/920/749
f 169/920/750 199/890/750 200/891/750 170/921/750
f 170/921/751 200/891/751 201/892/751 171/922/751
f 171/922/752 201/892/752 202/893/752 172/923/752
f 172/923/753 202/893/753 203/894/753 173/924/753
f 173/924/754 203/894/754 204/895/754 174/925/754
f 174/925/755 204/895/755 205/896/755 175/926/755
f 175/926/756 205/896/756 206/897/756 176/927/756
f 176/927/757 206/897/757 207/898/757 177/928/757
f 177/928/758 207/898/758 208/899/758 178/929/758
f 178/929/759 208/899/759 209/900/759 179/930/759
f 179/930/760 209/900/760 210/901/760 180/931/760
f 180/931/761 210/901/761 211/902/761 181/932/761
f 181/932/762 211/902/762 212/903/762 182/933/762
f 182/933/763 212/903/763 213/904/763 183/934/763
f 183/934/764 213/904/764 214/11/764 184/9/764
f 5/935/765 6/905/765 155/906/765 125/936/765
f 125/936/766 155/906/766 156/907/766 126/937/766
f 126/937/767 156/907/767 157/908/767 127/938/767
f 127/938/768 157/908/768 158/909/768 128/939/768
f 128/939/769 158/909/769 159/910/769 129/940/769
f 129/940/770 159/910/770 160/911/770 130/941/770
f 130/941/771 160/911/771 161/912/771 131/942/771
f 131/942/772 161/912/772 162/913/772 132/943/772
f 132/943/773 162/913/773 163/914/773 133/944/773
f 133/944/774 163/914/774 164/915/774 134/945/774
f 134/945/775 164/915/775 165/916/775 135/946/775
f 135/946/776 165/916/776 166/917/776 136/947/776
f 136/947/777 166/917/777 167/918/777 137/948/777
f 137/948/778 167/918/778 168/919/778 138/949/778
f 138/949/779 168/919/779 169/920/779 139/950/779
f 139/950/780 169/920/780 170/921/780 140/951/780
f 140/951/781 170/921/781 171/922/781 141/952/781
f 141/952/782 171/922/782 172/923/782 142/953/782
f 142/953/783 172/923/783 173/924/783 143/954/783
f 143/954/784 173/924/784 174/925/784 144/955/784
f 144/955/785 174/925/785 175/926/785 145/956/785
f 145/956/786 175/926/786 176/927/786 146/957/786
f 146/957/787 176/927/787 177/928/787 147/958/787
f 147/958/788 177/928/788 178/929/788 148/959/788
f 148/959/789 178/929/789 179/930/789 149/960/789
f 149/960/790 179/930/790 180/931/790 150/961/790
f 150/961/791 180/931/791 181/932/791 151/962/791
f 151/962/792 181/932/792 182/933/792 152/963/792
f 152/963/793 182/933/793 183/934/793 153/964/793
f 153/964/794 183/934/794 184/9/794 154/6/794
f 1/965/795 5/935/795 125/936/795 94/966/795
f 94/966/796 125/936/796 126/937/796 93/967/796
f 93/967/797 126/937/797 127/938/797 92/968/797
f 92/968/798 127/938/798 128/939/798 91/969/798
f 91/969/799 128/939/799 129/940/799 90/970/799
f 90/970/800 129/940/800 130/941/800 89/971/800
f 89/971/801 130/941/801 131/942/801 88/972/801
f 88/972/802 131/942/802 132/943/802 87/973/802
f 87/973/803 132/943/803 133/944/803 86/974/803
f 86/974/804 133/944/804 134/945/804 85/975/804
f 85/975/805 134/945/805 135/946/805 84/976/805
f 84/976/806 135/946/806 136/947/806 83/977/806
f 83/977/807 136/947/807 137/948/807 82/978/807
f 82/978/808 137/948/808 138/949/808 81/979/808
f 81/979/809 138/949/809 139/950/809 80/980/809
f 80/980/810 139/950/810 140/951/810 79/981/810
f 79/981/811 140/951/811 141/952/811 78/982/811
f 78/982/812 141/952/812 142/953/812 77/983/812
f 77/983/813 142/953/813 143/954/813 76/984/813
f 76/984/814 143/954/814 144/955/814 75/985/814
f 75/985/815 144/955/815 145/956/815 74/986/815
f 74/986/816 145/956/816 146/957/816 73/987/816
f 73/987/817 146/957/817 147/958/817 72/988/817
f 72/988/818 147/958/818 148/959/818 71/989/818
f 71/989/819 148/959/819 149/960/819 70/990/819
f 70/990/820 149/960/820 150/961/820 69/991/820
f 69/991/821 150/961/821 151/962/821 68/992/821
f 68/992/822 151/962/822 152/963/822 67/993/822
f 67/993/823 152/963/823 153/964/823 66/994/823
f 66/994/824 153/964/824 154/6/824 65/5/824
f 34/66/825 2/995/825 95/996/825 995/67/825
f 995/67/826 95/996/826 96/997/826 996/69/826
f 996/69/827 96/997/827 97/998/827 997/71/827
f 997/71/828 97/998/828 98/999/828 998/73/828
f 998/73/829 98/999/829 99/1000/829 999/75/829
f 999/75/830 99/1000/830 100/1001/830 1000/77/830
f 1000/77/831 100/1001/831 101/1002/831 1001/79/831
f 1001/79/832 101/1002/832 102/1003/832 1002/81/832
f 1002/81/833 102/1003/833 103/1004/833 1003/83/833
f 1003/83/834 103/1004/834 104/1005/834 1004/85/834
f 1004/85/835 104/1005/835 105/1006/835 1005/87/835
f 1005/87/836 105/1006/836 106/1007/836 1006/89/836
f 1006/89/837 106/1007/837 107/1008/837 1007/91/837
f 1007/91/838 107/1008/838 108/1009/838 1008/93/838
f 1008/93/839 108/1009/839 109/1010/839 1009/95/839
f 1009/95/840 109/1010/840 110/1011/840 1010/97/840
f 1010/97/841 110/1011/841 111/1012/841 1011/99/841
f 1011/99/842 111/1012/842 112/1013/842 1012/101/842
f 1012/101/843 112/1013/843 113/1014/843 1013/103/843
f 1013/103/844 113/1014/844 114/1015/844 1014/105/844
f 1014/105/845 114/1015/845 115/1016/845 1015/107/845
f 1015/107/846 115/1016/846 116/1017/846 1016/109/846
f 1016/109/847 116/1017/847 117/1018/847 1017/111/847
f 1017/111/848 117/1018/848 118/1019/848 1018/113/848
f 1018/113/849 118/1019/849 119/1020/849 1019/115/849
f 1019/115/850 119/1020/850 120/1021/850 1020/117/850
f 1020/117/851 120/1021/851 121/1022/851 1021/119/851
f 1021/119/852 121/1022/852 122/1023/852 1022/121/852
f 1022/121/853 122/1023/853 123/1024/853 1023/123/853
f 1023/123/854 123/1024/854 124/2/854 1024/1/854
